"","OTU","destination","shared","Kingdom","Phylum","Class","Order","Family","Genus","Species"
"1","006d5eda86c251132cd2272afd51d053","lost","lost","Bacteria","Actinobacteriota","Actinomycetia","Mycobacteriales","Mycobacteriaceae","Mycobacterium","Genus_Mycobacterium"
"2","007a17b7f6b93558bb5f8826ea983056","lost","lost","Bacteria","Proteobacteria","Gammaproteobacteria","Xanthomonadales","Xanthomonadaceae","Stenotrophomonas","Genus_Stenotrophomonas_A_615274"
"3","02e56876b3ffcda6cda97654505279f2","both","shared","Bacteria","Proteobacteria","Alphaproteobacteria","Caulobacterales","Caulobacteraceae","Caulobacter","Genus_Caulobacter_487784"
"4","064adc0178077427f1b5ae6466e533e0","lost","lost","Bacteria","Proteobacteria","Gammaproteobacteria","Pseudomonadales","Pseudomonadaceae","Pseudomonas","Genus_Pseudomonas_E_647464"
"5","073d0c62d1257a783d7508c138432fc4","lost","lost","Bacteria","Proteobacteria","Gammaproteobacteria","Enterobacterales","Enterobacteriaceae","Family_Enterobacteriaceae","Family_Enterobacteriaceae_A"
"6","074e66f75650948b8df12cfe2ffb5f37","lost","lost","Bacteria","Bacteroidota","Bacteroidia","Sphingobacteriales","Sphingobacteriaceae","Pedobacter","Genus_Pedobacter_887417"
"7","078778d3acf6645f2e44537dc6529871","lost","lost","Bacteria","Actinobacteriota","Actinomycetia","Actinomycetales","Microbacteriaceae","Leucobacter","Genus_Leucobacter"
"8","08a23647e8c11cd7f89ee8f609e3d974","both","shared","Bacteria","Bacteroidota","Bacteroidia","Flavobacteriales","Weeksellaceae","Elizabethkingia","Elizabethkingiameningoseptica"
"9","08cc46b8779c43b1872292e0d97a0890","both","shared","Bacteria","Proteobacteria","Gammaproteobacteria","Burkholderiales","Burkholderiaceae","Family_Burkholderiaceae","Family_Burkholderiaceae_A_592522"
"10","09196c1b7c03aa87afab1ee719db02c5","lost","lost","Bacteria","Firmicutes","Clostridia","Oscillospirales","Acutalibacteraceae","Caproiciproducens","Caproiciproducenssp000752215"
"11","09f74334ddd0008931d05c020c8d7730","lost","lost","Bacteria","Proteobacteria","Gammaproteobacteria","Burkholderiales","Rhodocyclaceae","Thauera","Genus_Thauera_A_597130"
"12","0b5a2a634b682228a8ccb85a217b5d25","lost","lost","Bacteria","Proteobacteria","Alphaproteobacteria","Rhizobiales","Beijerinckiaceae","Methylobacterium","Methylobacteriumsp001424705"
"13","0bbe0ac853b20fb81326081587a428ca","lost","lost","Bacteria","Actinobacteriota","Actinomycetia","Mycobacteriales","Mycobacteriaceae","Gordonia","Genus_Gordonia_B_376796"
"14","0c96f776da7051d25f4fd62ba69ba324","late water","shared","Bacteria","Proteobacteria","Alphaproteobacteria","Rhodospirillales","UXAT02","Defluviicoccus","Defluviicoccus_Aseviourii"
"15","0cf33eb4b86b224b3c158207fb9c8c48","lost","lost","Bacteria","Proteobacteria","Alphaproteobacteria","Rhodobacterales","Rhodobacteraceae","Family_Rhodobacteraceae","Family_Rhodobacteraceae"
"16","0cf4077d7201a18548a12acd3e1d505b","lost","lost","Bacteria","Proteobacteria","Alphaproteobacteria","Acetobacterales","Acetobacteraceae","Asaia","Genus_Asaia"
"17","0d0e3101171c782e1ede9e291ab9c7bc","both","shared","Bacteria","Proteobacteria","Alphaproteobacteria","Rhizobiales","Xanthobacteraceae","Family_Xanthobacteraceae","Family_Xanthobacteraceae_503485"
"18","0d2508498ea77db8224ea5b23ead964c","lost","lost","Bacteria","Proteobacteria","Alphaproteobacteria","Caulobacterales","Caulobacteraceae","Brevundimonas","Brevundimonasdiminuta"
"19","0d87b112bc336b97248bf4757a668689","lost","lost","Bacteria","Firmicutes","Bacilli","Bacillales","Bacillaceae","Bacillus","Genus_Bacillus_A"
"20","0dc8e0e89e89cf4f0c71808666f6c6e7","lost","lost","Bacteria","Proteobacteria","Gammaproteobacteria","Pseudomonadales","Pseudomonadaceae","Family_Pseudomonadaceae","Family_Pseudomonadaceae"
"21","0e96f958bdaf9979b03aa574d7299f4c","lost","lost","Bacteria","Firmicutes","Bacilli","Bacillales","Bacillaceae","Family_Bacillaceae","Family_Bacillaceae_H_294103"
"22","0eb8e63cb8f7cb7aa58b403dc29da7de","lost","lost","Bacteria","Proteobacteria","Gammaproteobacteria","Pseudomonadales","Moraxellaceae","Acinetobacter","Acinetobactersoli"
"23","0f41f629bff75e5c7f99d537e6792647","lost","lost","Bacteria","Bacteroidota","Bacteroidia","Bacteroidales","Dysgonomonadaceae","Dysgonomonas","Dysgonomonasalginatilytica"
"24","0f5087526a3efb7b3c1cd1277d483f0d","lost","lost","Bacteria","Actinobacteriota","Actinomycetia","Actinomycetales","Microbacteriaceae","Leucobacter","Genus_Leucobacter"
"25","0f6f614f608389925a848e37b2a8a24b","lost","lost","Bacteria","Proteobacteria","Gammaproteobacteria","Pseudomonadales","Moraxellaceae","Alkanindiges","Alkanindigesillinoisensis"
"26","10108d29ee667e6f5b413c7bbaf7991d","both","shared","Bacteria","Proteobacteria","Gammaproteobacteria","Pseudomonadales","Moraxellaceae","Acinetobacter","Genus_Acinetobacter"
"27","107aa7e6b56274803bffd1ccff5b2ee6","both","shared","Bacteria","Proteobacteria","Gammaproteobacteria","Pseudomonadales","Moraxellaceae","Acinetobacter","Genus_Acinetobacter"
"28","10828f7f8594c7e8653b2122aefcf7c5","lost","lost","Bacteria","Bacteroidota","Bacteroidia","Bacteroidales","Marinilabiliaceae","JC017","JC017sp004296775"
"29","10cde2fa4db56b195187e547f870d34b","lost","lost","Bacteria","Proteobacteria","Gammaproteobacteria","Burkholderiales","Rhodocyclaceae","Tepidiphilus","Tepidiphilussuccinatimandens"
"30","1187d3f6bbc3c560b79f47cf9ad873bd","both","shared","Bacteria","Proteobacteria","Gammaproteobacteria","Xanthomonadales","Xanthomonadaceae","Stenotrophomonas","Genus_Stenotrophomonas_A_615274"
"31","1189d4ef3af60ba943cc73161a4097a9","lost","lost","Bacteria","Actinobacteriota","Actinomycetia","Mycobacteriales","Mycobacteriaceae","Corynebacterium","Genus_Corynebacterium"
"32","131f8b9807185e055d725c468cd46a88","lost","lost","Bacteria","Actinobacteriota","Actinomycetia","Actinomycetales","Microbacteriaceae","Family_Microbacteriaceae","Family_Microbacteriaceae"
"33","1339efc8323a6ca9365c11eac6c4bd6b","lost","lost","Bacteria","Bacteroidota","Bacteroidia","Flavobacteriales","Weeksellaceae","Moheibacter","Moheibactersediminis"
"34","1369aba02dd8b749b4c4c2a799d34207","both","shared","Bacteria","Proteobacteria","Alphaproteobacteria","Caulobacterales","Caulobacteraceae","Brevundimonas","Brevundimonasnasdae_A_487984"
"35","139efa286f85ad39137e0c1026b574fc","late water","shared","Bacteria","Actinobacteriota","Actinomycetia","Actinomycetales","Microbacteriaceae","Leucobacter","Genus_Leucobacter"
"36","13f32eba3b63edbbf5169bf74a696b73","lost","lost","Bacteria","Proteobacteria","Alphaproteobacteria","Rhizobiales","Beijerinckiaceae","Methylobacterium","Genus_Methylobacterium"
"37","16469cc40587771b7602fa59352c70ab","late water","shared","Bacteria","Proteobacteria","Gammaproteobacteria","Burkholderiales","Burkholderiaceae","Family_Burkholderiaceae","Family_Burkholderiaceae_A_580492"
"38","1747759a3f6af9d88fa2c80ac81f3c9e","eggs","shared","Bacteria","Actinobacteriota","Actinomycetia","Actinomycetales","Cellulomonadaceae","Cellulomonas","Genus_Cellulomonas"
"39","18146030be7b9150c3633d1dee9e58a1","lost","lost","Bacteria","Firmicutes","Bacilli","Bacillales","Bacillaceae","Weizmannia","Weizmanniacoagulans"
"40","191c4aafc99846b8f1b7d87ecad90d70","lost","lost","Bacteria","Proteobacteria","Gammaproteobacteria","Nevskiales","Nevskiaceae","Stenotrophobium","Stenotrophobiumrhamnosiphilum"
"41","1b158b8b2922d4fcad5d9cea607cbb7d","late water","shared","Bacteria","Proteobacteria","Gammaproteobacteria","Enterobacterales","Enterobacteriaceae","Escherichia","Genus_Escherichia_710834"
"42","1b2567820cc1e0a34960a02c766161e4","lost","lost","Bacteria","Proteobacteria","Gammaproteobacteria","Enterobacterales","Enterobacteriaceae","Family_Enterobacteriaceae","Family_Enterobacteriaceae_A"
"43","1bfa5c0bbafb3a1bff066a17234ff32e","lost","lost","Bacteria","Proteobacteria","Gammaproteobacteria","Burkholderiales","Burkholderiaceae","Massilia","Genus_Massilia"
"44","1bfddc56f0549c7953359140bb8c64b1","both","shared","Bacteria","Proteobacteria","Gammaproteobacteria","Enterobacterales","Enterobacteriaceae","Serratia","Genus_Serratia_D_727363"
"45","1d1533db28dba4af61f1d5cc6633f2fa","both","shared","Bacteria","Proteobacteria","Gammaproteobacteria","Burkholderiales","Chromobacteriaceae","Aquitalea","Aquitaleamagnusonii"
"46","1e81258348c55daeef435f6100eee461","lost","lost","Bacteria","Proteobacteria","Gammaproteobacteria","Enterobacterales","Enterobacteriaceae","Family_Enterobacteriaceae","Family_Enterobacteriaceae_A"
"47","1ed3de95a51db2df9676955423442d33","lost","lost","Bacteria","Firmicutes","Clostridia","Oscillospirales","Acutalibacteraceae","Caproiciproducens","Caproiciproducenssp000752215"
"48","1ee27fee30b2e6832a2be5e28f0978f3","eggs","shared","Bacteria","Bacteroidota","Bacteroidia","Chitinophagales","Chitinophagaceae","Sediminibacterium","Genus_Sediminibacterium"
"49","1f7409f78cfcad036d81d8763d7e6277","lost","lost","Bacteria","Proteobacteria","Alphaproteobacteria","Class_Alphaproteobacteria","Class_Alphaproteobacteria","Class_Alphaproteobacteria","Class_Alphaproteobacteria"
"50","20ad5b343a158e617aa2f39adbf005b6","lost","lost","Bacteria","Proteobacteria","Gammaproteobacteria","Burkholderiales","Burkholderiaceae","Massilia","Genus_Massilia"
"51","20b485f14ad07fab0d10acad007b8b32","late water","shared","Bacteria","Firmicutes","Bacilli","DSM-16016","Caldibacillaceae","Bacillus","Bacillus_Jthermoamylovorans"
"52","21bb29e5efa273470d9600c0c0ad287b","lost","lost","Bacteria","Proteobacteria","Alphaproteobacteria","Rhizobiales","Xanthobacteraceae","Starkeya","Starkeyanovella"
"53","2228925453f05f31ac661681aa9941d6","lost","lost","Bacteria","Proteobacteria","Alphaproteobacteria","Acetobacterales","Acetobacteraceae","Roseomonas","Roseomonas_A_507112nepalensis"
"54","25378e41f19be3a40f90da3cc055bc9f","eggs","shared","Bacteria","Proteobacteria","Gammaproteobacteria","Enterobacterales","Alteromonadaceae","Pseudoalteromonas","Genus_Pseudoalteromonas"
"55","262dc7bf78e937b0c7065aef82e18d08","lost","lost","Bacteria","Proteobacteria","Gammaproteobacteria","Pseudomonadales","Moraxellaceae","Acinetobacter","Genus_Acinetobacter"
"56","265de43fbbc0ebb4c8378e5404a8728c","both","shared","Bacteria","Proteobacteria","Gammaproteobacteria","Pseudomonadales","Pseudomonadaceae","Pseudomonas","Pseudomonas_E_650326otitidis"
"57","26f1fe1d525ec8756078e905957888b6","both","shared","Bacteria","Proteobacteria","Alphaproteobacteria","Caulobacterales","Caulobacteraceae","Brevundimonas","Brevundimonasnasdae_A_487984"
"58","274b25ca87d226e1ec1b3648758ff5a8","both","shared","Bacteria","Proteobacteria","Alphaproteobacteria","Rhizobiales","Xanthobacteraceae","Aquabacter","Aquabactercavernae"
"59","2861b60feb98b96bfdfae4152ea84ae7","lost","lost","Bacteria","Actinobacteriota","Actinomycetia","Actinomycetales","Brevibacteriaceae","Brevibacterium","Genus_Brevibacterium"
"60","289f4168326738aac4d74bb1ae3666d7","lost","lost","Bacteria","Proteobacteria","Gammaproteobacteria","Pseudomonadales","Moraxellaceae","Psychrobacter","Genus_Psychrobacter"
"61","290d00e82b7625c8ab79f9ad9ce480b8","eggs","shared","Bacteria","Proteobacteria","Alphaproteobacteria","Caulobacterales","Caulobacteraceae","Asticcacaulis","Asticcacaulisbenevestitus"
"62","295f5d6adc2a016eabd5adf22038be4b","lost","lost","Bacteria","Actinobacteriota","Actinomycetia","Mycobacteriales","Mycobacteriaceae","Mycobacterium","Genus_Mycobacterium"
"63","2acba250c4746ff617d6615723a04ab7","lost","lost","Bacteria","Proteobacteria","Gammaproteobacteria","Burkholderiales","Burkholderiaceae","Family_Burkholderiaceae","Family_Burkholderiaceae_A_592522"
"64","2ad6256a8aa79756698ddd1b89ed7ad1","both","shared","Bacteria","Proteobacteria","Alphaproteobacteria","Rhizobiales","Beijerinckiaceae","Bosea","Genus_Bosea"
"65","2b287b7cad895a08304ba7f54625a9aa","lost","lost","Bacteria","Proteobacteria","Gammaproteobacteria","Pseudomonadales","Pseudomonadaceae","Family_Pseudomonadaceae","Family_Pseudomonadaceae"
"66","2bcc7082f4a29b154bcaa87cf00b4fe3","eggs","shared","Bacteria","Proteobacteria","Alphaproteobacteria","Rhizobiales","Beijerinckiaceae","Bosea","Genus_Bosea"
"67","2c2b5fdb7648bebd4a42fe64b1a1287c","lost","lost","Bacteria","Firmicutes","Bacilli","Lactobacillales","Enterococcaceae","Enterococcus","Enterococcus_Ececorum"
"68","2d0d11f29cae22f945211c2fb8bd424c","lost","lost","Bacteria","Proteobacteria","Alphaproteobacteria","Acetobacterales","Acetobacteraceae","Roseococcus","Roseococcusflocculans"
"69","2e4055a3568601599bde5e951c455dd9","late water","shared","Bacteria","Firmicutes","Bacilli","Class_Bacilli","Class_Bacilli","Class_Bacilli","Class_Bacilli"
"70","2eef066edc32e6009723e7da97135edf","lost","lost","Bacteria","Firmicutes","Bacilli","Bacillales","Order_Bacillales","Order_Bacillales","Order_Bacillales_H"
"71","3017b22e4b5b68c52600cb9e019588b1","lost","lost","Bacteria","Proteobacteria","Alphaproteobacteria","Sphingomonadales","Sphingomonadaceae","Sphingomicrobium","Sphingomonasarenae"
"72","30cfacf248039e5b1f840115bff89215","both","shared","Bacteria","Proteobacteria","Alphaproteobacteria","Caulobacterales","Caulobacteraceae","Phenylobacterium","Phenylobacteriumkoreense"
"73","3190ea7b37383fa02f757f43964f9998","eggs","shared","Bacteria","Bacteroidota","Bacteroidia","Chitinophagales","Chitinophagaceae","UBA1930","UBA1930sp002337145"
"74","31f38e67c39e25a4a8b4583dc7cd8846","lost","lost","Bacteria","Proteobacteria","Gammaproteobacteria","Xanthomonadales","Xanthomonadaceae","Family_Xanthobacteraceae","Family_Xanthomonadaceae_616009"
"75","32f11c6e5a377f0f6ec6243a021995cf","lost","lost","Bacteria","Proteobacteria","Alphaproteobacteria","Class_Alphaproteobacteria","Class_Alphaproteobacteria","Class_Alphaproteobacteria","Class_Alphaproteobacteria"
"76","331657258038535df96ea6665290782a","lost","lost","Bacteria","Proteobacteria","Gammaproteobacteria","Burkholderiales","Burkholderiaceae","Variovorax","Genus_Variovorax"
"77","33d5a2c7d222f0b503a88a922c1312e1","lost","lost","Bacteria","Actinobacteriota","Actinomycetia","Actinomycetales","Microbacteriaceae","Curtobacterium","Genus_Curtobacterium"
"78","3667ca3d1270344578b3819b5f56731d","lost","lost","Bacteria","Actinobacteriota","Actinomycetia","Mycobacteriales","Mycobacteriaceae","Corynebacterium","Corynebacteriumdiphtheriae"
"79","37863cca6aaaf72cfb33806cb9a46b76","lost","lost","Bacteria","Proteobacteria","Gammaproteobacteria","Pseudomonadales","Moraxellaceae","Moraxella","Genus_Moraxella_C_651924"
"80","38356624d04e633aa689a6ffc05a137f","both","shared","Bacteria","Bacteroidota","Bacteroidia","Sphingobacteriales","Sphingobacteriaceae","Pedobacter","Pedobactersolisilvae"
"81","38a438c0ac980ee192378b94dd688973","eggs","shared","Bacteria","Proteobacteria","Gammaproteobacteria","Burkholderiales","Burkholderiaceae","Family_Burkholderiaceae","Family_Burkholderiaceae_A_592522"
"82","38c2a261f81a7ed09f39ac6f9fd0cf2e","both","shared","Bacteria","Proteobacteria","Gammaproteobacteria","Burkholderiales","Burkholderiaceae","Variovorax","Variovoraxparadoxus_C_587666"
"83","3901df51425ba2a8d72bb780babe7a48","both","shared","Bacteria","Bacteroidota","Bacteroidia","Chitinophagales","Chitinophagaceae","Niabella","Niabellayanshanensis"
"84","39183d7b959435dfb732ddeab840b00e","both","shared","Bacteria","Proteobacteria","Alphaproteobacteria","Rhizobiales","Beijerinckiaceae","Bosea","Genus_Bosea"
"85","394eeccf5a2a35b9e7c32243563eef03","lost","lost","Bacteria","Proteobacteria","Gammaproteobacteria","Burkholderiales","Burkholderiaceae","Family_Burkholderiaceae","Family_Burkholderiaceae_A_595422"
"86","397062997397ae6d42ed5f445f14e788","lost","lost","Bacteria","Bacteroidota","Bacteroidia","Chitinophagales","LD1","UBA7692","UBA7692sp001897535"
"87","3a416378a1ecba1f97e92b7154b3b91b","lost","lost","Bacteria","Proteobacteria","Gammaproteobacteria","Xanthomonadales","Rhodanobacteraceae","Rudaea","Rudaeacellulosilytica"
"88","3a75074368d793b1de0d8090a6340a1c","lost","lost","Bacteria","Bacteroidota","Bacteroidia","Bacteroidales","UBA932","Bact-08","Bact-08sp000473305"
"89","3aaaf4f10492216973e1efd8f233a8ff","lost","lost","Bacteria","Firmicutes","Bacilli","Paenibacillales","Paenibacillaceae","Paenibacillus","Genus_Paenibacillus_A"
"90","3ac58b15912f864168f948c3fed4a03a","lost","lost","Bacteria","Actinobacteriota","Actinomycetia","Mycobacteriales","Mycobacteriaceae","Corynebacterium","Genus_Corynebacterium"
"91","3b0c59f289139b6c1c6133e175296aac","lost","lost","Bacteria","Actinobacteriota","Actinomycetia","Actinomycetales","Dermatophilaceae","Family_Dermatophilaceae","Family_Dermatophilaceae_390796"
"92","3bd21c1f2b1ae487f30791218b8444c0","lost","lost","Bacteria","Proteobacteria","Alphaproteobacteria","Caulobacterales","Caulobacteraceae","Family_Caulobacteraceae","Family_Caulobacteraceae"
"93","3bdf3962a4d6b9738dc1bfa095f6cc8e","both","shared","Bacteria","Bacteroidota","Bacteroidia","Sphingobacteriales","Sphingobacteriaceae","Sphingobacterium","Genus_Sphingobacterium"
"94","3dcf95f04c5e5084618a820fded0a048","lost","lost","Bacteria","Firmicutes","Clostridia","Clostridiales","Clostridiaceae","Clostridium","Genus_Clostridium_T"
"95","3e00a33b844a56c2e00acedeffc43b5e","lost","lost","Bacteria","Proteobacteria","Alphaproteobacteria","Class_Alphaproteobacteria","Class_Alphaproteobacteria","Class_Alphaproteobacteria","Class_Alphaproteobacteria"
"96","3e112563e0ef973d16a7554ff4166b12","lost","lost","Bacteria","Proteobacteria","Alphaproteobacteria","Sphingomonadales","Sphingomonadaceae","Family_Sphingomonadaceae","Family_Sphingomonadaceae"
"97","3e4ef7b82401136b6a3729a771f4825b","lost","lost","Bacteria","Proteobacteria","Alphaproteobacteria","Rhizobiales","Beijerinckiaceae","Methylobacterium","Genus_Methylobacterium"
"98","3ea027ac9c30306db8fd5fd74cf30c63","lost","lost","Bacteria","Proteobacteria","Alphaproteobacteria","Rhizobiales","Rhizobiaceae","Rhizobium","Genus_Rhizobium_A_501058"
"99","438dc2a2ea2405a782df5830ae62100e","both","shared","Bacteria","Proteobacteria","Alphaproteobacteria","Rhizobiales","Rhizobiaceae","Agrobacterium","Genus_Agrobacterium"
"100","43f41dd4045f31804b91facdd53eab41","both","shared","Bacteria","Proteobacteria","Gammaproteobacteria","Xanthomonadales","Xanthomonadaceae","Stenotrophomonas","Stenotrophomonas_A_615274maltophilia_615059"
"101","4472b8a122f7775d492278da34a2c780","lost","lost","Bacteria","Bacteroidota","Bacteroidia","Flavobacteriales","Weeksellaceae","Empedobacter","Empedobacterbrevis"
"102","44d2df836124b3a024baa940060336ea","lost","lost","Bacteria","Proteobacteria","Gammaproteobacteria","Enterobacterales","Enterobacteriaceae","Family_Enterobacteriaceae","Family_Enterobacteriaceae_A"
"103","47ccf6aac529c32aefdbad47e858570c","lost","lost","Bacteria","Firmicutes","Negativicutes","Veillonellales","Veillonellaceae","Veillonella","Genus_Veillonella_A"
"104","4810fbab877c32e917880c61301fe5e1","lost","lost","Bacteria","Bacteroidota","Bacteroidia","Chitinophagales","Chitinophagaceae","QFOI01","QFOI01sp004337365"
"105","481df8129fc0a9497a4c4338e683d900","lost","lost","Bacteria","Firmicutes","Clostridia","Tissierellales","Peptoniphilaceae","Anaerococcus","Anaerococcusprovencensis"
"106","49a361dc4554ca6f03bc8d8bf47e329c","lost","lost","Bacteria","Firmicutes","Bacilli","Bacillales","Planococcaceae","Lysinibacillus","Genus_Lysinibacillus_304693"
"107","49bc4395980e4ae5228b71f31433b928","lost","lost","Bacteria","Proteobacteria","Gammaproteobacteria","Burkholderiales","Burkholderiaceae","Variovorax","Genus_Variovorax"
"108","4a765a31e0cf23936b0d98af5f0b7b81","lost","lost","Bacteria","Proteobacteria","Gammaproteobacteria","Pseudomonadales","Moraxellaceae","Acinetobacter","Acinetobacterbaumannii"
"109","4bb2a60ebd87faa796298b17bcc4ebef","lost","lost","Bacteria","Proteobacteria","Gammaproteobacteria","Pseudomonadales","Pseudomonadaceae","Pseudomonas","Genus_Pseudomonas_B_650451"
"110","4bf82ca2013ad1107674f4014aea725e","lost","lost","Bacteria","Proteobacteria","Gammaproteobacteria","Burkholderiales","Rhodocyclaceae","Azonexus","Azonexusagitatus"
"111","4ca76612b5cecf33d2c41ec0a47779ed","both","shared","Bacteria","Proteobacteria","Gammaproteobacteria","Burkholderiales","Burkholderiaceae","Family_Burkholderiaceae","Family_Burkholderiaceae_A_592522"
"112","4d723a182561c3d3e0268d0a49d1c1b1","lost","lost","Bacteria","Firmicutes","Clostridia","Peptostreptococcales","Anaerovoracaceae","Anaerovorax","Anaerovoraxodorimutans"
"113","4db91a7e3a86803d4143abb8b533885d","lost","lost","Bacteria","Actinobacteriota","Actinomycetia","Mycobacteriales","Geodermatophilaceae","Blastococcus","Blastococcusaggregatus"
"114","4e5677a5d38222d4cc8bc32aa53bf4c5","lost","lost","Bacteria","Firmicutes","Bacilli","Lactobacillales","Order_Lactobacillales","Order_Lactobacillales","Order_Lactobacillales"
"115","4e6dc966ff878651c691ea5e0ae83425","both","shared","Bacteria","Actinobacteriota","Actinomycetia","Actinomycetales","Microbacteriaceae","Leucobacter","Genus_Leucobacter"
"116","4f9de03bb2992296442a76bf3d144dcd","lost","lost","Bacteria","Proteobacteria","Gammaproteobacteria","Enterobacterales","Enterobacteriaceae","Family_Enterobacteriaceae","Family_Enterobacteriaceae_A"
"117","50327287c87739f3f9f69fbd4be61170","both","shared","Bacteria","Bacteroidota","Bacteroidia","Chitinophagales","Chitinophagaceae","Family_Chitinophagaceae","Family_Chitinophagaceae_929731"
"118","50a3b56e0b7db75ee9daccf7a751ba41","late water","shared","Bacteria","Proteobacteria","Gammaproteobacteria","Pseudomonadales","Moraxellaceae","Acinetobacter","Genus_Acinetobacter"
"119","50cd0822f350f8f5e1f8c59e67e10980","eggs","shared","Bacteria","Bacteroidota","Bacteroidia","Sphingobacteriales","Sphingobacteriaceae","Pedobacter","Pedobactersolisilvae"
"120","524c385df0ab7e16602e53b507548e80","lost","lost","Bacteria","Bacteroidota","Bacteroidia","Bacteroidales","UBA932","Bact-08","Bact-08sp000473305"
"121","5412d2807b8f298d1409593699d32beb","lost","lost","Bacteria","Bacteroidota","Bacteroidia","Sphingobacteriales","Sphingobacteriaceae","Sphingobacterium","Sphingobacteriumthermophilum"
"122","541ec62b0f90585ad0169ee26ccab743","both","shared","Bacteria","Proteobacteria","Gammaproteobacteria","Burkholderiales","Methylophilaceae","Methylophilus","Genus_Methylophilus"
"123","54e7b2139640ec28fbaf7f0491cad845","lost","lost","Bacteria","Bacteroidota","Bacteroidia","Bacteroidales","Marinilabiliaceae","JC017","JC017sp004296775"
"124","55dc51d062e8fc16a9863e5831c81e7e","lost","lost","Bacteria","Proteobacteria","Gammaproteobacteria","Burkholderiales","Burkholderiaceae","Pelomonas","Genus_Pelomonas"
"125","565eb788433094300eceacd42ade4899","lost","lost","Bacteria","Actinobacteriota","Actinomycetia","Mycobacteriales","Mycobacteriaceae","Rhodococcus","Genus_Rhodococcus_B"
"126","56a83a5563d39e60b1403d155627944b","both","shared","Bacteria","Actinobacteriota","Actinomycetia","Propionibacteriales","Nocardioidaceae","Nocardioides","Genus_Nocardioides_A_392796"
"127","574d164310944193d8fc13dc10346e58","eggs","shared","Bacteria","Proteobacteria","Alphaproteobacteria","Sphingomonadales","Sphingomonadaceae","Sphingomonas","Genus_Sphingomonas_L_486704"
"128","57acb5e15beca0ae3ae316d707263900","lost","lost","Bacteria","Bacteroidota","Bacteroidia","Bacteroidales","Marinilabiliaceae","JC017","JC017sp004296775"
"129","588b5ccdde9b0d39d61568731d7e223f","eggs","shared","Bacteria","Proteobacteria","Gammaproteobacteria","Pseudomonadales","Moraxellaceae","Acinetobacter","Genus_Acinetobacter"
"130","5a643416912cd501b32774890bd72a5f","lost","lost","Bacteria","Proteobacteria","Gammaproteobacteria","Pseudomonadales","Pseudomonadaceae","Pseudomonas","Pseudomonas_B_650451rhizoryzae"
"131","5b0166761098e7f06ef757c1472d2502","lost","lost","Bacteria","Proteobacteria","Gammaproteobacteria","Enterobacterales","Vibrionaceae","Vibrio","Genus_Vibrio_678715"
"132","5b1302e60016e322bbdc6979447a86ed","both","shared","Bacteria","Proteobacteria","Gammaproteobacteria","Enterobacterales","Enterobacteriaceae","Cedecea","Genus_Cedecea"
"133","5b29df8b5b26c111a279f57fd53e7b8e","lost","lost","Bacteria","Firmicutes","Bacilli","Bacillales","Anoxybacillaceae","Family_Anoxybacillaceae","Family_Anoxybacillaceae"
"134","5bb9fd70e678c4a32b36080eff2ac25c","lost","lost","Bacteria","Firmicutes","Bacilli","DSM-16016","Caldibacillaceae","Bacillus","Bacillus_Jthermoamylovorans"
"135","5c96ec70d2839b27eb48f2226c96e2ca","eggs","shared","Bacteria","Proteobacteria","Gammaproteobacteria","Pseudomonadales","Moraxellaceae","Acinetobacter","Genus_Acinetobacter"
"136","5e2d110e486533b28818cfce79960e35","lost","lost","Bacteria","Proteobacteria","Alphaproteobacteria","Sphingomonadales","Sphingomonadaceae","Novosphingobium","Novosphingobiumacidiphilum"
"137","5ea47811a8275ec5dadade92ce4f0434","lost","lost","Bacteria","Proteobacteria","Gammaproteobacteria","Burkholderiales","Burkholderiaceae","Burkholderia","Genus_Burkholderia"
"138","5f29d9b4f0b89c4e06ffe87ff913822d","lost","lost","Bacteria","Proteobacteria","Gammaproteobacteria","Immundisolibacterales","Immundisolibacteraceae","Immundisolibacter","Immundisolibactercernigliae"
"139","5f2b6696771fd9a4371f3c229e6b137e","lost","lost","Bacteria","Firmicutes","Negativicutes","Veillonellales","Veillonellaceae","Veillonella","Genus_Veillonella_A"
"140","5f62852c777d05477e044c49c5941041","lost","lost","Bacteria","Bacteroidota","Bacteroidia","Flavobacteriales","Flavobacteriaceae","Flavobacterium","Genus_Flavobacterium"
"141","5f6d574b15cbc75cdffbc84b329bb26a","lost","lost","Bacteria","Firmicutes","Bacilli","Class_Bacilli","Class_Bacilli","Class_Bacilli","Class_Bacilli"
"142","5fb4727e4c4bba302c839b568cfde71c","lost","lost","Bacteria","Proteobacteria","Alphaproteobacteria","Rhizobiales","Beijerinckiaceae","Roseiarcus","Roseiarcusfermentans"
"143","619c3de5eeb611ade520111aaeba53df","lost","lost","Bacteria","Proteobacteria","Gammaproteobacteria","Xanthomonadales","Rhodanobacteraceae","Rhodanobacter","Rhodanobacterginsengisoli"
"144","625ecf7bcebfadce2c2bf682ed45b2b2","eggs","shared","Bacteria","Proteobacteria","Gammaproteobacteria","Enterobacterales","Enterobacteriaceae","Family_Enterobacteriaceae","Family_Enterobacteriaceae_A"
"145","62d93060a86b3c0bb37b3634e5529004","both","shared","Bacteria","Proteobacteria","Alphaproteobacteria","Rhizobiales","Beijerinckiaceae","Rhodoblastus","Rhodoblastusacidophilus"
"146","62f2ca0a35761f1dca706cd4bd60d153","lost","lost","Bacteria","Proteobacteria","Alphaproteobacteria","Rhizobiales","Beijerinckiaceae","Family_Beijerinckiaceae","Family_Beijerinckiaceae"
"147","651b456fad22829867a61aff2a233caa","eggs","shared","Bacteria","Firmicutes","Bacilli","Lactobacillales","Lactobacillaceae","Weissella","Genus_Weissella_A_338544"
"148","65a13f1d1a0ce42556e49a570ddd8dcf","both","shared","Bacteria","Actinobacteriota","Actinomycetia","Actinomycetales","Bifidobacteriaceae","Bifidobacterium","Genus_Bifidobacterium_388775"
"149","65e2fe387bfdf0fa880811cceac1d59e","both","shared","Bacteria","Proteobacteria","Gammaproteobacteria","Burkholderiales","Burkholderiaceae","Achromobacter","Genus_Achromobacter"
"150","66abaee179be7e5928c221b18207caf9","both","shared","Bacteria","Actinobacteriota","Actinomycetia","Actinomycetales","Microbacteriaceae","Family_Microbacteriaceae","Family_Microbacteriaceae"
"151","677929eac52be081cdae08a0b9c70eb2","both","shared","Bacteria","Proteobacteria","Gammaproteobacteria","Enterobacterales","Enterobacteriaceae","Family_Enterobacteriaceae","Family_Enterobacteriaceae_A"
"152","68306d27ad6cb978a8606dafd39d8c20","lost","lost","Bacteria","Proteobacteria","Alphaproteobacteria","Class_Alphaproteobacteria","Class_Alphaproteobacteria","Class_Alphaproteobacteria","Class_Alphaproteobacteria"
"153","69f3be1ce26140f5820552e2a9d49289","both","shared","Bacteria","Bacteroidota","Bacteroidia","Cytophagales","Spirosomaceae","Flectobacillus","Flectobacillusroseus"
"154","6a9e6cd156ec3e7ca51f4912bfe49614","lost","lost","Bacteria","Proteobacteria","Gammaproteobacteria","Burkholderiales","Burkholderiaceae","Family_Burkholderiaceae","Family_Burkholderiaceae_A_592522"
"155","6ba560a76661744bc65eed04953c1314","both","shared","Bacteria","Proteobacteria","Gammaproteobacteria","Enterobacterales","Aeromonadaceae","Aeromonas","Genus_Aeromonas"
"156","6c84542f6460f7b4cd5bf61da89bf26a","both","shared","Bacteria","Actinobacteriota","Actinomycetia","Actinomycetales","Microbacteriaceae","Leucobacter","Genus_Leucobacter"
"157","6c891abaa8f2147383dd332e601800eb","both","shared","Bacteria","Actinobacteriota","Actinomycetia","Actinomycetales","Micrococcaceae","Micrococcus","Micrococcusluteus"
"158","6e14f4034e782617c3ae143ef74c3de4","lost","lost","Bacteria","Firmicutes","Negativicutes","Propionisporales","Propionisporaceae","Pelosinus","Pelosinusdefluvii"
"159","73b7563f30dc3ad68a861e25ce589c0a","late water","shared","Bacteria","Actinobacteriota","Actinomycetia","Mycobacteriales","Mycobacteriaceae","Mycobacterium","Genus_Mycobacterium"
"160","74b5e290724d621524a132c83d4164f3","late water","shared","Bacteria","Proteobacteria","Alphaproteobacteria","Acetobacterales","Acetobacteraceae","Asaia","Genus_Asaia"
"161","74fd73c11b1b41a953d621e26ab290a8","both","shared","Bacteria","Proteobacteria","Alphaproteobacteria","Acetobacterales","Acetobacteraceae","Rhodovarius","Rhodovariuslipocyclicus"
"162","77c55b0f6c379835576843cf02171325","both","shared","Bacteria","Proteobacteria","Alphaproteobacteria","Sphingomonadales","Sphingomonadaceae","Sphingomonas","Genus_Sphingomonas_L_486704"
"163","77d6a7db6de3bb1f15a02fdb36f90627","both","shared","Bacteria","Proteobacteria","Alphaproteobacteria","Rhizobiales","Xanthobacteraceae","Bradyrhizobium","Genus_Bradyrhizobium"
"164","7808d9998d7c3f332e84b59eb2b9a074","late water","shared","Bacteria","Proteobacteria","Gammaproteobacteria","Pseudomonadales","Pseudomonadaceae","Family_Pseudomonadaceae","Family_Pseudomonadaceae"
"165","78e82208465dc5122d2b998caca016b6","lost","lost","Bacteria","Actinobacteriota","Actinomycetia","Actinomycetales","Dermabacteraceae","Brachybacterium","Brachybacteriummuris"
"166","7917ea4a8baaaaad51430b1d6e563817","lost","lost","Bacteria","Proteobacteria","Alphaproteobacteria","Class_Alphaproteobacteria","Class_Alphaproteobacteria","Class_Alphaproteobacteria","Class_Alphaproteobacteria"
"167","7a3d3263f85a0821e953a8154ec4e91d","lost","lost","Bacteria","Proteobacteria","Gammaproteobacteria","Pseudomonadales","Moraxellaceae","Acinetobacter","Genus_Acinetobacter"
"168","7ae748a8220ad5940affe29cbeefca57","lost","lost","Bacteria","Proteobacteria","Gammaproteobacteria","Enterobacterales","Aeromonadaceae","Aeromonas","Genus_Aeromonas"
"169","7b054f04ff8194f7a97cbbd55455ceef","lost","lost","Bacteria","Proteobacteria","Alphaproteobacteria","Caulobacterales","Caulobacteraceae","Brevundimonas","Genus_Brevundimonas"
"170","7bc6304a3b13c6ca73dfca4497a00dc5","lost","lost","Bacteria","Firmicutes","Clostridia","Lachnospirales","Lachnospiraceae","Lacrimispora","Lacrimisporaalgidixylanolytica"
"171","7d9129377c3a607464a2c567af730c35","lost","lost","Bacteria","Firmicutes","Bacilli","Class_Bacilli","Class_Bacilli","Class_Bacilli","Class_Bacilli"
"172","7e350e713938e4db19d55b3ffd310d38","eggs","shared","Bacteria","Proteobacteria","Gammaproteobacteria","Burkholderiales","Burkholderiaceae","Undibacterium","Genus_Undibacterium_570144"
"173","7f1487c191bfa6ccc9085821aadf4324","both","shared","Bacteria","Proteobacteria","Gammaproteobacteria","Xanthomonadales","Xanthomonadaceae","Stenotrophomonas","Genus_Stenotrophomonas_A_615274"
"174","802ee9764e76d0872a9892cdfeb43ef6","lost","lost","Bacteria","Proteobacteria","Gammaproteobacteria","Enterobacterales","Enterobacteriaceae","Erwinia","Genus_Erwinia_B_680885"
"175","809456fddfcd13b876829092e0446769","lost","lost","Bacteria","Proteobacteria","Gammaproteobacteria","Xanthomonadales","Xanthomonadaceae","Stenotrophomonas","Stenotrophomonas_A_615274rhizophila"
"176","80a305cdd00e92a1ec31e49726e5c579","lost","lost","Bacteria","Proteobacteria","Gammaproteobacteria","Burkholderiales","Burkholderiaceae","Family_Burkholderiaceae","Family_Burkholderiaceae_A_574934"
"177","8114950780beaf8e8023491a1630a176","lost","lost","Bacteria","Firmicutes","Negativicutes","Sporomusales","Thermosinaceae","Anaerospora","Anaerosporahongkongensis"
"178","8253a32e37cc65a796a92ee67b50d870","late water","shared","Bacteria","Actinobacteriota","Actinomycetia","Mycobacteriales","Mycobacteriaceae","Lawsonella","Genus_Lawsonella"
"179","8310deaf296c304dea209d19107677a0","late water","shared","Bacteria","Bacteroidota","Bacteroidia","Sphingobacteriales","Sphingobacteriaceae","Pedobacter","Pedobactersp000708265"
"180","84716245f53ab2236b84538a9cdd74ed","both","shared","Bacteria","Proteobacteria","Alphaproteobacteria","Rhizobiales","Beijerinckiaceae","Methylobacterium","Genus_Methylobacterium"
"181","84739a30798ceb9d9290e4412e67eb24","lost","lost","Bacteria","Actinobacteriota","Actinomycetia","Actinomycetales","Cellulomonadaceae","Cellulosimicrobium","Genus_Cellulosimicrobium"
"182","847ef1a2b17a1c61035475b56d24122d","lost","lost","Bacteria","Proteobacteria","Gammaproteobacteria","Burkholderiales","Burkholderiaceae","Massilia","Genus_Massilia"
"183","84ec1399e8ee3618cc0686f28b89dbcb","eggs","shared","Bacteria","Proteobacteria","Gammaproteobacteria","Enterobacterales","Enterobacteriaceae","Pantoea","Genus_Pantoea_A_680069"
"184","891019e319f5d8d088ed4f9379fd63ef","both","shared","Bacteria","Proteobacteria","Gammaproteobacteria","Xanthomonadales","Xanthomonadaceae","Stenotrophomonas","Genus_Stenotrophomonas_A_615274"
"185","8bc54d575f88d09b2ba16b7f571812ae","lost","lost","Bacteria","Actinobacteriota","Actinomycetia","Mycobacteriales","Mycobacteriaceae","Corynebacterium","Genus_Corynebacterium"
"186","8c2fb0cdbe0db119375869b5c4b20a53","both","shared","Bacteria","Actinobacteriota","Actinomycetia","Actinomycetales","Microbacteriaceae","Leucobacter","Genus_Leucobacter"
"187","8c4cabe11dcdb4267580ca78c7e9cb1b","lost","lost","Bacteria","Proteobacteria","Gammaproteobacteria","Burkholderiales","Burkholderiaceae","Pseudorhodoferax","Genus_Pseudorhodoferax"
"188","8c55d1108d3cefe1e0f6375e1376ce27","late water","shared","Bacteria","Actinobacteriota","Actinomycetia","Mycobacteriales","Mycobacteriaceae","Corynebacterium","Genus_Corynebacterium"
"189","8c8598245ea67244fb156b6f31192a41","lost","lost","Bacteria","Proteobacteria","Gammaproteobacteria","Pseudomonadales","Moraxellaceae","Family_Moraxellaceae","Family_Moraxellaceae"
"190","8cb92babedb9f4ff7bedee4ac4f47370","both","shared","Bacteria","Proteobacteria","Alphaproteobacteria","Azospirillales","Azospirillaceae","Azospirillum","Genus_Azospirillum"
"191","8cd7646d4eee2b702e680c9a36aa93ee","both","shared","Bacteria","Proteobacteria","Gammaproteobacteria","Burkholderiales","Burkholderiaceae","Comamonas","Genus_Comamonas_F_589250"
"192","8cf45fe9e1251163b5d801841857a873","lost","lost","Bacteria","Proteobacteria","Gammaproteobacteria","Burkholderiales","Burkholderiaceae","Aquabacterium","Genus_Aquabacterium_B_592457"
"193","8cf646f2d2ffa7d4a56e9156530deb71","late water","shared","Bacteria","Bacteroidota","Bacteroidia","Sphingobacteriales","Sphingobacteriaceae","Pedobacter","Pedobacterchitinilyticus"
"194","8d3565638a5a89a00aa3233b2b027489","both","shared","Bacteria","Bacteroidota","Bacteroidia","Flavobacteriales","Weeksellaceae","Chryseobacterium","Chryseobacteriumgambrini"
"195","8d5ecba2cbb96c5e2e01b8b9fced7e06","lost","lost","Bacteria","Firmicutes","Clostridia","Clostridiales","Clostridiaceae","Clostridium","Genus_Clostridium_X"
"196","8db9ec3c6c2da03db22d64f72b6f0c7d","lost","lost","Bacteria","Firmicutes","Bacilli","Lactobacillales","Lactobacillaceae","Lactiplantibacillus","Genus_Lactiplantibacillus"
"197","8f09bac714c02dc9415770271349dc99","late water","shared","Bacteria","Proteobacteria","Gammaproteobacteria","Pseudomonadales","Pseudomonadaceae","Pseudomonas","Genus_Pseudomonas_E_647464"
"198","90a9d4d5f86538db13546b1af5a3c12d","lost","lost","Bacteria","Proteobacteria","Gammaproteobacteria","Burkholderiales","Burkholderiaceae","Ramlibacter","Genus_Ramlibacter_588642"
"199","929d9a7f88bd83bc06d889c356d9a13e","both","shared","Bacteria","Proteobacteria","Gammaproteobacteria","Enterobacterales","Enterobacteriaceae","Family_Enterobacteriaceae","Family_Enterobacteriaceae_A"
"200","9300f96e4700122e2126eeebf4d8caf2","lost","lost","Bacteria","Proteobacteria","Gammaproteobacteria","Pseudomonadales","Moraxellaceae","Acinetobacter","Acinetobacterradioresistens"
"201","9332245ccb8cd5b773b3edb112f8a70a","both","shared","Bacteria","Proteobacteria","Alphaproteobacteria","Sphingomonadales","Sphingomonadaceae","Family_Sphingomonadaceae","Family_Sphingomonadaceae"
"202","946b9f1289f8b3f2b52d0547b6175fea","lost","lost","Bacteria","Firmicutes","Clostridia","Acetivibrionales","Order_Acetivibrionales","Order_Acetivibrionales","Order_Acetivibrionales"
"203","951bd5ee0c2df7f25c6c2959e3c45295","both","shared","Bacteria","Proteobacteria","Alphaproteobacteria","Sphingomonadales","Sphingomonadaceae","Family_Sphingomonadaceae","Family_Sphingomonadaceae"
"204","971020fc585cf0d12927103e3bda78e8","lost","lost","Bacteria","Firmicutes","Bacilli","Paenibacillales","Paenibacillaceae","Paenibacillus","Paenibacillus_J_366884silvae"
"205","97dd96b6bd56805492a523b0d748e8b9","lost","lost","Bacteria","Bacteroidota","Bacteroidia","Sphingobacteriales","Sphingobacteriaceae","Pedobacter","Genus_Pedobacter_887417"
"206","985faddfff65bdf62f4c14bbbe3e8ba5","both","shared","Bacteria","Firmicutes","Bacilli","Bacillales","Bacillaceae","Weizmannia","Weizmanniacoagulans"
"207","98bc1ec29a4c0f9fbf70d7bfa48a48b6","late water","shared","Bacteria","Proteobacteria","Gammaproteobacteria","Burkholderiales","Burkholderiaceae","Tepidimonas","Tepidimonasfonticaldi"
"208","99a24244b8ee4488b1bd89c76fbfc176","lost","lost","Bacteria","Firmicutes","Bacilli","Lactobacillales","Enterococcaceae","Family_Enterococcaceae","Family_Enterococcaceae"
"209","9ae8011e9347ce18b60ba481bfb72e32","both","shared","Bacteria","Proteobacteria","Gammaproteobacteria","Burkholderiales","Rhodocyclaceae","Family_Rhodocyclaceae","Family_Rhodocyclaceae"
"210","9b3f6c7e4294ef1c697a8eae4208d04f","lost","lost","Bacteria","Actinobacteriota","Actinomycetia","Actinomycetales","Microbacteriaceae","Leucobacter","Genus_Leucobacter"
"211","9ba80d636e5561c9a76f1aa0f67b5b4f","lost","lost","Bacteria","Firmicutes","Bacilli","Lactobacillales","Streptococcaceae","Streptococcus","Streptococcussanguinis_H"
"212","9bfe08c51b7a63c8130c31cf1c4c5665","both","shared","Bacteria","Proteobacteria","Alphaproteobacteria","Rhizobiales","Beijerinckiaceae","Bosea","Genus_Bosea"
"213","9c0f13da7e122b66fbc8fedd932c6214","both","shared","Bacteria","Proteobacteria","Alphaproteobacteria","Sphingomonadales","Sphingomonadaceae","Rhizorhabdus","Genus_Rhizorhabdus_483366"
"214","9c0fb370e79191f46ba2658dd16f3f7a","both","shared","Bacteria","Bacteroidota","Bacteroidia","Sphingobacteriales","Sphingobacteriaceae","Pedobacter","Pedobacterinsulae"
"215","9e08c2a6aa9077613cf984b80ea7aab9","lost","lost","Bacteria","Proteobacteria","Gammaproteobacteria","Enterobacterales","Aeromonadaceae","Pseudaeromonas","Pseudaeromonasparamecii"
"216","a022ba393ceb3a7e109b171c5e901b31","lost","lost","Bacteria","Proteobacteria","Gammaproteobacteria","Pseudomonadales","Moraxellaceae","Moraxella","Genus_Moraxella_C_651924"
"217","a1a3200b76bcd6000a0914892d370b6e","lost","lost","Bacteria","Firmicutes","Bacilli","Lactobacillales","Enterococcaceae","Family_Enterococcaceae","Family_Enterococcaceae"
"218","a27c0544a0789a4e34dc33c69ff79640","late water","shared","Bacteria","Proteobacteria","Alphaproteobacteria","Sphingomonadales","Sphingomonadaceae","Sphingomonas","Genus_Sphingomonas_L_486704"
"219","a2f0cf02930b05c8fe5c73965d323288","eggs","shared","Bacteria","Proteobacteria","Alphaproteobacteria","Rhizobiales","Beijerinckiaceae","Methylobacterium","Genus_Methylobacterium"
"220","a3f9e12d6ee993d25441b9b0283ecca3","lost","lost","Bacteria","Proteobacteria","Alphaproteobacteria","Rhizobiales","Rhizobiaceae","Family_Rhizobiaceae","Family_Rhizobiaceae_A_499470"
"221","a49e86a5d0dea059eb9527154ea35cdb","lost","lost","Bacteria","Actinobacteriota","Actinomycetia","Actinomycetales","Microbacteriaceae","Leucobacter","Genus_Leucobacter"
"222","a4ec7013e4edf783c236665eabc60380","lost","lost","Bacteria","Proteobacteria","Gammaproteobacteria","Enterobacterales","Enterobacteriaceae","Cedecea","Genus_Cedecea"
"223","a5189f77a2cfeab3bc1602ff5c8ac3e9","late water","shared","Bacteria","Firmicutes","Bacilli","Lactobacillales","Streptococcaceae","Streptococcus","Genus_Streptococcus"
"224","a51bdc1b5fbef585cd4d5267dac093de","both","shared","Bacteria","Proteobacteria","Alphaproteobacteria","Acetobacterales","Acetobacteraceae","Rhodovarius","Rhodovariuslipocyclicus"
"225","a5d1217aa1cbc154c499796f9040d954","late water","shared","Bacteria","Firmicutes","Bacilli","Staphylococcales","Staphylococcaceae","Staphylococcus","Genus_Staphylococcus"
"226","a786c3d196fd5155005abb2f56e4be27","lost","lost","Bacteria","Proteobacteria","Alphaproteobacteria","Rhizobiales","Rhizobiaceae","Shinella","Shinellacurvata"
"227","a79660dddf827d14201bbc0df31583f9","lost","lost","Bacteria","Proteobacteria","Gammaproteobacteria","Pseudomonadales","Moraxellaceae","Acinetobacter","Acinetobactersoli"
"228","a922acd6335473288ef5998e069676d1","both","shared","Bacteria","Proteobacteria","Alphaproteobacteria","Rhizobiales","Beijerinckiaceae","Bosea","Genus_Bosea"
"229","aa3df738dc1cf47c03f67879f32c5cb3","lost","lost","Bacteria","Proteobacteria","Alphaproteobacteria","Rhizobiales","Xanthobacteraceae","Rhodopseudomonas","Genus_Rhodopseudomonas"
"230","aacc5e7497bcbd715ef9128eb4bfdc6f","lost","lost","Bacteria","Firmicutes","Thermoanaerobacteria","Thermoanaerobacterales","Thermoanaerobacteraceae","Thermoanaerobacterium","Genus_Thermoanaerobacterium"
"231","ad9a88474fe1a5a88942053997b2b30b","both","shared","Bacteria","Proteobacteria","Alphaproteobacteria","Caulobacterales","Caulobacteraceae","Caulobacter","Genus_Caulobacter_487784"
"232","b001750d92fa6ab54a0c754b04dc2b6e","lost","lost","Bacteria","Bacteroidota","Bacteroidia","Bacteroidales","Marinilabiliaceae","JC017","JC017sp004296775"
"233","b037c7e285a574beeba9fa7b48d756e0","lost","lost","Bacteria","Bacteroidota","Bacteroidia","Chitinophagales","Chitinophagaceae","Family_Chitinophagaceae","Family_Chitinophagaceae_966727"
"234","b0a78ca52dd6794c45a59f60f1ca34a3","both","shared","Bacteria","Bacteroidota","Bacteroidia","Cytophagales","Spirosomaceae","Siphonobacter","Siphonobacteraquaeclarae"
"235","b1962c644e4042f60fcf0327de0438fb","lost","lost","Bacteria","Proteobacteria","Alphaproteobacteria","Class_Alphaproteobacteria","Class_Alphaproteobacteria","Class_Alphaproteobacteria","Class_Alphaproteobacteria"
"236","b39c338f5e964b6cb87e07f10badc6c4","lost","lost","Bacteria","Firmicutes","Bacilli","Lactobacillales","Streptococcaceae","Lactococcus","Genus_Lactococcus_A_346120"
"237","b3f56d15e796f3c8df1280aa11fcde5e","lost","lost","Bacteria","Proteobacteria","Alphaproteobacteria","Class_Alphaproteobacteria","Class_Alphaproteobacteria","Class_Alphaproteobacteria","Class_Alphaproteobacteria"
"238","b4a6dbffc57baaf07b759c235b54ea32","lost","lost","Bacteria","Bacteroidota","Bacteroidia","Flavobacteriales","Flavobacteriaceae","Flavobacterium","Genus_Flavobacterium"
"239","b4c9bc9315d2331ee859d99151ef4b46","both","shared","Bacteria","Proteobacteria","Gammaproteobacteria","Burkholderiales","Burkholderiaceae","Achromobacter","Genus_Achromobacter"
"240","b57744bd30af9f7a4d538d0aba27596b","both","shared","Bacteria","Proteobacteria","Gammaproteobacteria","Burkholderiales","Burkholderiaceae","Family_Burkholderiaceae","Family_Burkholderiaceae_A_574758"
"241","b5c75ab1f927fba097a9231ea3675f1b","lost","lost","Bacteria","Firmicutes","Clostridia","Clostridiales","Clostridiaceae","Clostridium","Genus_Clostridium_AM"
"242","b753f12f9355e2e87f9e88e7a4b4cf9b","both","shared","Bacteria","Proteobacteria","Alphaproteobacteria","Class_Alphaproteobacteria","Class_Alphaproteobacteria","Class_Alphaproteobacteria","Class_Alphaproteobacteria"
"243","b76b0d30f288a705e032a673faf77433","both","shared","Bacteria","Proteobacteria","Alphaproteobacteria","Sphingomonadales","Sphingomonadaceae","Sphingomonas","Genus_Sphingomonas_L_486704"
"244","b79f8ffb327d0a73b01c42c275ced626","eggs","shared","Bacteria","Bacteroidota","Bacteroidia","Sphingobacteriales","Sphingobacteriaceae","Pedobacter","Pedobactersolisilvae"
"245","b7b0f3feee005bde6669fb68042ee47a","lost","lost","Bacteria","Proteobacteria","Gammaproteobacteria","Burkholderiales","Burkholderiaceae","Comamonas","Genus_Comamonas_F_589250"
"246","b9781e39f4300fcfc6d995cf5df79388","lost","lost","Bacteria","Actinobacteriota","Actinomycetia","Actinomycetales","Microbacteriaceae","Frigoribacterium","Frigoribacteriumsp001424645"
"247","b98f8c87cd3159b66ec0a418919be624","lost","lost","Bacteria","Bacteroidota","Bacteroidia","Bacteroidales","Marinilabiliaceae","JC017","JC017sp004296775"
"248","b9fb9fb89c231c701708b0d411735ed8","lost","lost","Bacteria","Proteobacteria","Alphaproteobacteria","Sphingomonadales","Sphingomonadaceae","Family_Sphingomonadaceae","Family_Sphingomonadaceae"
"249","bad5dc0c0c4aafcbfb12fd3710d76778","lost","lost","Bacteria","Bacteroidota","Bacteroidia","Chitinophagales","Saprospiraceae","M3007","M3007sp011368025"
"250","bd2ebc70501f7d867c204f94c4e483da","eggs","shared","Bacteria","Firmicutes","Bacilli","Lactobacillales","Streptococcaceae","Streptococcus","Genus_Streptococcus"
"251","be02032347189c13bc055c79dca1c1a6","lost","lost","Bacteria","Firmicutes","Bacilli","Thermicanales","Thermicanaceae","Thermicanus","Thermicanusaegyptius"
"252","be34bc2a6ad1dc1fabaeb4de8b1416e9","lost","lost","Bacteria","Bacteroidota","Bacteroidia","Flavobacteriales","Crocinitomicaceae","Fluviicola","Genus_Fluviicola"
"253","bf5f4f4da286a3c774d31edb1b6cdf32","late water","shared","Bacteria","Proteobacteria","Gammaproteobacteria","Pseudomonadales","Pseudomonadaceae","Pseudomonas","Genus_Pseudomonas_E_647464"
"254","bfd9268771f5e2cc1283bac4e621ce06","lost","lost","Bacteria","Proteobacteria","Alphaproteobacteria","Rhizobiales","Rhizobiaceae","Rhizobium","Genus_Rhizobium_A_500098"
"255","bfe54af4c9180d37a0d76f6dafe79a5a","lost","lost","Bacteria","Proteobacteria","Gammaproteobacteria","Enterobacterales","Enterobacteriaceae","Family_Enterobacteriaceae","Family_Enterobacteriaceae_A"
"256","c09b80bd255d650484d4ee0747d5d804","lost","lost","Bacteria","Proteobacteria","Alphaproteobacteria","Caulobacterales","Caulobacteraceae","Family_Caulobacteraceae","Family_Caulobacteraceae"
"257","c1f617fc8c83594216821f0986d5b3e6","late water","shared","Bacteria","Proteobacteria","Gammaproteobacteria","Burkholderiales","Chromobacteriaceae","Vogesella","Genus_Vogesella"
"258","c282bbb847f673157cf0e7617a4353f2","lost","lost","Bacteria","Proteobacteria","Gammaproteobacteria","Enterobacterales","Aeromonadaceae","Family_Aeromonadaceae","Family_Aeromonadaceae"
"259","c332172a40ea46e614413f19c3124297","eggs","shared","Bacteria","Bacteroidota","Bacteroidia","Chitinophagales","Chitinophagaceae","UBA1930","UBA1930sp002337145"
"260","c54b6665341382ceb4e098c161040fbb","both","shared","Bacteria","Bacteroidota","Bacteroidia","Flavobacteriales","Weeksellaceae","Elizabethkingia","Elizabethkingiameningoseptica"
"261","c5a7332399735113a898e9e35b406e5c","lost","lost","Bacteria","Firmicutes","Bacilli","Paenibacillales","Paenibacillaceae","Paenibacillus","Genus_Paenibacillus_J_366884"
"262","c618f7903074d8daea2069c84d4fcd89","eggs","shared","Bacteria","Proteobacteria","Alphaproteobacteria","Rhizobiales","Beijerinckiaceae","Bosea","Genus_Bosea"
"263","c6357b5b5bb8c067c51faad5180b4e99","lost","lost","Bacteria","Proteobacteria","Gammaproteobacteria","Pseudomonadales","Moraxellaceae","Acinetobacter","Genus_Acinetobacter"
"264","c7c779fa3082af6f739c913c4bd51520","lost","lost","Bacteria","Firmicutes","Clostridia","Peptostreptococcales","Anaerovoracaceae","Aminipila","Aminipilabutyrica"
"265","c826ca74780c027f47c4b058a2f7104a","lost","lost","Bacteria","Bacteroidota","Bacteroidia","Flavobacteriales","Weeksellaceae","Elizabethkingia","Elizabethkingiameningoseptica"
"266","c873733a1c472c123f8063297a02c773","eggs","shared","Bacteria","Bacteroidota","Bacteroidia","Flavobacteriales","Weeksellaceae","Cloacibacterium","Genus_Cloacibacterium"
"267","c87f305e278617ac231a0a57d7a27a25","late water","shared","Bacteria","Firmicutes","Clostridia","Clostridiales","Clostridiaceae","Family_Clostridiaceae","Family_Clostridiaceae_222000"
"268","c99411617a88b5f4a84ba5b6cd7eea01","both","shared","Bacteria","Proteobacteria","Alphaproteobacteria","Rhizobiales","Kaistiaceae","Kaistia","Genus_Kaistia"
"269","c9f399259e6ea8f8c617e75e613dc48f","lost","lost","Bacteria","Proteobacteria","Alphaproteobacteria","Acetobacterales","Acetobacteraceae","Asaia","Genus_Asaia"
"270","cd42cf9dbcd165b203fa2bf11e18ac4b","both","shared","Bacteria","Proteobacteria","Gammaproteobacteria","Xanthomonadales","Xanthomonadaceae","Xanthomonas","Genus_Xanthomonas_A_614439"
"271","cda4e6f933bb3108ea3e92f9db411c00","lost","lost","Bacteria","Firmicutes","Bacilli","Staphylococcales","Gemellaceae","Gemella","Genus_Gemella"
"272","ce5eea8e7eb39c9ec26edd8cb297bdbf","lost","lost","Bacteria","Actinobacteriota","Actinomycetia","Mycobacteriales","Geodermatophilaceae","Modestobacter","Genus_Modestobacter"
"273","ceab0bbfa35e85befbebf76ec65a6ae8","lost","lost","Bacteria","Bacteroidota","Bacteroidia","Sphingobacteriales","Sphingobacteriaceae","Pedobacter","Pedobacterchitinilyticus"
"274","cf8bf0b345405caaba7cc3268757a408","both","shared","Bacteria","Bacteroidota","Bacteroidia","Flavobacteriales","Weeksellaceae","Chryseobacterium","Genus_Chryseobacterium_796614"
"275","d0792b2b0d7cb4184326f12dd7c53c26","both","shared","Bacteria","Proteobacteria","Alphaproteobacteria","Rhizobiales","Xanthobacteraceae","Rhodopseudomonas","Genus_Rhodopseudomonas"
"276","d0b698c7298bf04110a6d2f220879bfb","lost","lost","Bacteria","Bacteroidota","Bacteroidia","Bacteroidales","Bacteroidaceae","Prevotella","Prevotellamelaninogenica"
"277","d2208d27b5df4c53eb547f7ac45f4d6b","both","shared","Bacteria","Bacteroidota","Bacteroidia","Flavobacteriales","Weeksellaceae","Chryseobacterium","Genus_Chryseobacterium_796614"
"278","d23fbef2f31d48eda40876cdbc49933a","late water","shared","Bacteria","Firmicutes","Bacilli","Staphylococcales","Staphylococcaceae","Staphylococcus","Genus_Staphylococcus"
"279","d252e27da33344148b541d5cb79af156","lost","lost","Bacteria","Proteobacteria","Alphaproteobacteria","Rhizobiales","Beijerinckiaceae","Methylobacterium","Genus_Methylobacterium"
"280","d34a359930fa7d16269719f7db660e0a","late water","shared","Bacteria","Proteobacteria","Gammaproteobacteria","Burkholderiales","Burkholderiaceae","Herbaspirillum","Genus_Herbaspirillum"
"281","d56ebb77864a21ec27bf3d9d2dd51240","both","shared","Bacteria","Firmicutes","Bacilli","DSM-16016","Caldibacillaceae","Bacillus","Bacillus_Jthermoamylovorans"
"282","d5bfa42e61b8ae3b4df2cecbb7d23fe7","lost","lost","Bacteria","Proteobacteria","Gammaproteobacteria","Pseudomonadales","Pseudomonadaceae","Pseudomonas","Genus_Pseudomonas_E_647464"
"283","d5d959e6e6cb636fd4585e0239ec553d","lost","lost","Bacteria","Proteobacteria","Gammaproteobacteria","Burkholderiales","Burkholderiaceae","Noviherbaspirillum","Genus_Noviherbaspirillum_A_568104"
"284","d73835da51464de444e732fe62aec643","lost","lost","Bacteria","Firmicutes","Bacilli","Bacillales","Bacillaceae","Bacillus","Genus_Bacillus_P_294101"
"285","d738c260a421aa4bb11c38e0e34fbf41","lost","lost","Bacteria","Proteobacteria","Gammaproteobacteria","Pseudomonadales","Pseudomonadaceae","Pseudomonas","Genus_Pseudomonas_E_650326"
"286","d80a776757be4ca590de7d3574aa7f21","lost","lost","Bacteria","Bacteroidota","Bacteroidia","Flavobacteriales","Weeksellaceae","Family_Weeksellaceae","Family_Weeksellaceae"
"287","d8f298eccc87fa0854033cac0ce4baca","late water","shared","Bacteria","Actinobacteriota","Actinomycetia","Mycobacteriales","Mycobacteriaceae","Corynebacterium","Genus_Corynebacterium"
"288","da2802fccbb7d58d5da5d5357af9d81a","lost","lost","Bacteria","Actinobacteriota","Actinomycetia","Actinomycetales","Microbacteriaceae","Leucobacter","Genus_Leucobacter"
"289","db319224c1303cac231f2e31e0347b06","lost","lost","Bacteria","Firmicutes","Clostridia","Clostridiales","Clostridiaceae","Clostridium","Genus_Clostridium_T"
"290","dbe444913c016340fdd0ce9bd2158ccb","lost","lost","Bacteria","Proteobacteria","Gammaproteobacteria","Pseudomonadales","Pseudomonadaceae","Pseudomonas","Genus_Pseudomonas_E_647464"
"291","dd452094efd01d7e12390df1600a5a22","lost","lost","Bacteria","Proteobacteria","Gammaproteobacteria","Enterobacterales","Enterobacteriaceae","Family_Enterobacteriaceae","Family_Enterobacteriaceae_A"
"292","dd99f608b03839660a7721e9ba0ecf00","lost","lost","Bacteria","Proteobacteria","Gammaproteobacteria","Enterobacterales","Enterobacteriaceae","Family_Enterobacteriaceae","Family_Enterobacteriaceae_A"
"293","ddbb3a2a7d6486a2201bb8770feb0a6d","lost","lost","Bacteria","Bacteroidota","Bacteroidia","Bacteroidales","Marinilabiliaceae","JC017","JC017sp004296775"
"294","de298d81ae1810179dd9648f637ce2a6","lost","lost","Bacteria","Bacteroidota","Bacteroidia","Sphingobacteriales","Sphingobacteriaceae","Sphingobacterium","Genus_Sphingobacterium"
"295","de9096d98ae04a503e1d7c5affb2de09","both","shared","Bacteria","Proteobacteria","Alphaproteobacteria","Sphingomonadales","Sphingomonadaceae","Family_Sphingomonadaceae","Family_Sphingomonadaceae"
"296","deb8b2f88d2816b2bb9291965c744084","lost","lost","Bacteria","Proteobacteria","Gammaproteobacteria","Burkholderiales","Burkholderiaceae","Schlegelella","Genus_Schlegelella_590482"
"297","deeccbb7c150767d939db615f0c86483","lost","lost","Bacteria","Proteobacteria","Gammaproteobacteria","Enterobacterales","Aeromonadaceae","Tolumonas","Tolumonasauensis"
"298","dff77e7c67d98b74aa0fd40898914d0b","both","shared","Bacteria","Proteobacteria","Gammaproteobacteria","Burkholderiales","Burkholderiaceae","Pseudacidovorax","Pseudacidovoraxintermedius_A_587474"
"299","e1239fdc812b915d559c62a9251b3c60","lost","lost","Bacteria","Proteobacteria","Gammaproteobacteria","Xanthomonadales","Xanthomonadaceae","Pseudoxanthomonas","Pseudoxanthomonas_A_615336taiwanensis"
"300","e17375b9ca23588649a898e39d9c1d55","lost","lost","Bacteria","Bacteroidota","Bacteroidia","Chitinophagales","Chitinophagaceae","Heliimonas","Heliimonassaccharivorans"
"301","e2fcc92ed4f145071525b58f2f750e39","lost","lost","Bacteria","Firmicutes","Bacilli","Class_Bacilli","Class_Bacilli","Class_Bacilli","Class_Bacilli"
"302","e34c58c15e409a6a0d736090a9055bcf","lost","lost","Bacteria","Firmicutes","Bacilli","Paenibacillales","NBRC-103111","Paenibacillus","Genus_Paenibacillus_E"
"303","e473bfe4ced2bb356f4a024b979e22a9","late water","shared","Bacteria","Proteobacteria","Alphaproteobacteria","Acetobacterales","Acetobacteraceae","Family_Acetobacteraceae","Family_Acetobacteraceae"
"304","e52a5d6f0e2560fe327b2f502dd5a024","lost","lost","Bacteria","Proteobacteria","Gammaproteobacteria","Pseudomonadales","Pseudomonadaceae","Pseudomonas","Genus_Pseudomonas_E_647464"
"305","e583c466bec1e423da089cb4a74e64c2","lost","lost","Bacteria","Proteobacteria","Gammaproteobacteria","Burkholderiales","Burkholderiaceae","Massilia","Genus_Massilia"
"306","e64306c05500164cb19ad77a6b897029","both","shared","Bacteria","Proteobacteria","Gammaproteobacteria","Burkholderiales","Burkholderiaceae","Comamonas","Genus_Comamonas_F_589250"
"307","e6f6be4ccfb278fe562ca7dffb543652","lost","lost","Bacteria","Actinobacteriota","Actinomycetia","Actinomycetales","Micrococcaceae","Kocuria","Genus_Kocuria"
"308","e724f2b87d1f38f17d8d833f80fd8079","lost","lost","Bacteria","Firmicutes","Bacilli","Staphylococcales","Staphylococcaceae","Family_Staphylococcaceae","Family_Staphylococcaceae"
"309","e795fed13ead27da7c3bedd15b4a59c1","lost","lost","Bacteria","Actinobacteriota","Actinomycetia","Mycobacteriales","Mycobacteriaceae","Rhodococcus","Genus_Rhodococcus_C_375578"
"310","e7c9f275786c832873052c0e78d72efc","both","shared","Bacteria","Proteobacteria","Gammaproteobacteria","Pseudomonadales","Pseudomonadaceae","Pseudomonas","Genus_Pseudomonas_E_647464"
"311","eacb62c027f1b38ff5ed6af750917d01","lost","lost","Bacteria","Proteobacteria","Gammaproteobacteria","Xanthomonadales","Rhodanobacteraceae","Rhodanobacter","Rhodanobacterthiooxydans"
"312","eb240c8f80389d24643fc21431ef749a","lost","lost","Bacteria","Proteobacteria","Gammaproteobacteria","Burkholderiales","Burkholderiaceae","Pandoraea","Genus_Pandoraea"
"313","eb87bb62ab6369d89dbeadc99b001827","late water","shared","Bacteria","Firmicutes","Negativicutes","DSM-1736","Dendrosporobacteraceae","Dendrosporobacter","Dendrosporobacterquercicolus"
"314","ec30ea29a925f7e73c47ed5962707026","both","shared","Bacteria","Proteobacteria","Gammaproteobacteria","Burkholderiales","Burkholderiaceae","Acidovorax","Genus_Acidovorax_A"
"315","ec401eab818f8942fe0c25baca538930","lost","lost","Bacteria","Firmicutes","Clostridia","Lachnospirales","Lachnospiraceae","Anaerocolumna","Genus_Anaerocolumna"
"316","ee2a40ab09837c1e5980432ca318455a","lost","lost","Bacteria","Bacteroidota","Bacteroidia","Flavobacteriales","Weeksellaceae","Elizabethkingia","Elizabethkingiameningoseptica"
"317","ef5a2480e55d717d0c565e287f82a473","lost","lost","Bacteria","Proteobacteria","Alphaproteobacteria","Sphingomonadales","Sphingomonadaceae","Novosphingobium","Novosphingobiumnitrogenifigens"
"318","efc059f9f9ce149be996c1db1b1d905c","lost","lost","Bacteria","Proteobacteria","Gammaproteobacteria","Pseudomonadales","Moraxellaceae","Acinetobacter","Genus_Acinetobacter"
"319","f0f099a449a2c76c964d762b9ab2c170","lost","lost","Bacteria","Proteobacteria","Alphaproteobacteria","Rhodobacterales","Rhodobacteraceae","Paracoccus","Paracoccussphaerophysae"
"320","f198504a3e51ed075b61b1806ffb12d1","lost","lost","Bacteria","Proteobacteria","Alphaproteobacteria","Rhodobacterales","Rhodobacteraceae","Paracoccus","Genus_Paracoccus"
"321","f2074f0881737743e5c8a8114114dce3","lost","lost","Bacteria","Proteobacteria","Gammaproteobacteria","Pseudomonadales","Pseudomonadaceae","Pseudomonas","Pseudomonas_Csp002342705"
"322","f28ea8bf84a19e0a83dd477fc48163f3","lost","lost","Bacteria","Proteobacteria","Gammaproteobacteria","Enterobacterales","Enterobacteriaceae","Family_Enterobacteriaceae","Family_Enterobacteriaceae_A"
"323","f52e34a07ff2e814f50950ea181cb271","lost","lost","Bacteria","Proteobacteria","Gammaproteobacteria","Pseudomonadales","Moraxellaceae","Acinetobacter","Acinetobacterursingii"
"324","f8dce590f318099b1f8cf3f8e9452a02","both","shared","Bacteria","Proteobacteria","Alphaproteobacteria","Rhizobiales","Rhizobiaceae","Family_Rhizobiaceae","Family_Rhizobiaceae_A_499470"
"325","f92490692df808d6d92f56c7cab8be7d","lost","lost","Bacteria","Proteobacteria","Alphaproteobacteria","Rhizobiales","Xanthobacteraceae","Bradyrhizobium","Genus_Bradyrhizobium"
"326","f94177d64f0f3dd3b8ddc7282ffeaef0","lost","lost","Bacteria","Proteobacteria","Gammaproteobacteria","Pseudomonadales","Pseudomonadaceae","Pseudomonas","Genus_Pseudomonas_E_647464"
"327","f9fc30195b1c357bfb8e1b414e2ac5d4","lost","lost","Bacteria","Proteobacteria","Gammaproteobacteria","Burkholderiales","Burkholderiaceae","Family_Burkholderiaceae","Family_Burkholderiaceae_A_592522"
"328","fa34fcf46783dd613a648010f4e4e0e9","both","shared","Bacteria","Actinobacteriota","Actinomycetia","Actinomycetales","Microbacteriaceae","Leucobacter","Genus_Leucobacter"
"329","fca9741d7bcdc137ad78a45a0f50c3b6","lost","lost","Bacteria","Proteobacteria","Gammaproteobacteria","Pseudomonadales","Pseudomonadaceae","Pseudomonas","Genus_Pseudomonas_E_647464"
"330","fcd256b87f1e8d151209bdbaba0a9a9d","eggs","shared","Bacteria","Proteobacteria","Gammaproteobacteria","Xanthomonadales","Xanthomonadaceae","Stenotrophomonas","Stenotrophomonas_A_615274indicatrix"
"331","fcf8e1b4df73fc951e134cfa0a0758a5","lost","lost","Bacteria","Proteobacteria","Alphaproteobacteria","Geminicoccales","Geminicoccaceae","Arboricoccus","Arboricoccuspini"
"332","fda0746dace4494eb6cfd64b8b7d6036","lost","lost","Bacteria","Proteobacteria","Gammaproteobacteria","Enterobacterales","Enterobacteriaceae","Family_Enterobacteriaceae","Family_Enterobacteriaceae_A"
"333","fdc98ace23a34dc8e3a4dfc4f2e9e6b6","lost","lost","Bacteria","Proteobacteria","Gammaproteobacteria","Burkholderiales","Burkholderiaceae","Family_Burkholderiaceae","Family_Burkholderiaceae_A_595422"
"334","ffff4d930aad7085e16b8e035678546d","lost","lost","Bacteria","Actinobacteriota","Actinomycetia","Actinomycetales","Order_Actinomycetales","Order_Actinomycetales","Order_Actinomycetales"
