OTU,Phylum,Class,Order,Family,Genus,mom_hatch,egg_hatch,dad_hatch,mom_pup,dad_pup,egg_pup,pup_pup,egg_survival,pup_survival,mom_survival,dad_survival
03612545acdb7cf43b56502e27456ddf,Acidobacteriota,Vicinamibacteria,Vicinamibacterales,Order_Vicinamibacterales,Order_Vicinamibacterales,NA,NA,NA,NA,-0.72752831,NA,NA,NA,NA,NA,NA
006d5eda86c251132cd2272afd51d053,Actinobacteriota,Actinomycetia,Mycobacteriales,Mycobacteriaceae,Mycobacterium,NA,NA,NA,NA,0.4121287,NA,NA,NA,NA,NA,NA
078778d3acf6645f2e44537dc6529871,Actinobacteriota,Actinomycetia,Actinomycetales,Microbacteriaceae,Leucobacter,NA,NA,NA,-1.229268952,NA,NA,NA,NA,NA,NA,NA
131f8b9807185e055d725c468cd46a88,Actinobacteriota,Actinomycetia,Actinomycetales,Microbacteriaceae,Family_Microbacteriaceae,NA,NA,NA,NA,0.564870571,NA,NA,NA,NA,NA,NA
3b0c59f289139b6c1c6133e175296aac,Actinobacteriota,Actinomycetia,Actinomycetales,Dermatophilaceae,Family_Dermatophilaceae,NA,NA,NA,NA,0.470520798,NA,NA,NA,NA,NA,NA
4db91a7e3a86803d4143abb8b533885d,Actinobacteriota,Actinomycetia,Mycobacteriales,Geodermatophilaceae,Blastococcus,NA,NA,NA,NA,-0.680972983,NA,NA,NA,NA,NA,NA
4e6dc966ff878651c691ea5e0ae83425,Actinobacteriota,Actinomycetia,Actinomycetales,Microbacteriaceae,Leucobacter,NA,NA,NA,NA,NA,0.466637447,0.347257824,NA,NA,NA,NA
56a83a5563d39e60b1403d155627944b,Actinobacteriota,Actinomycetia,Propionibacteriales,Nocardioidaceae,Nocardioides,NA,NA,NA,-1.2458071,NA,NA,NA,NA,NA,NA,NA
65a13f1d1a0ce42556e49a570ddd8dcf,Actinobacteriota,Actinomycetia,Actinomycetales,Bifidobacteriaceae,Bifidobacterium,NA,NA,NA,NA,-0.454576434,0.607299454,NA,NA,NA,NA,NA
66abaee179be7e5928c221b18207caf9,Actinobacteriota,Actinomycetia,Actinomycetales,Microbacteriaceae,Family_Microbacteriaceae,NA,NA,NA,NA,NA,NA,1.085553104,NA,NA,NA,NA
6c84542f6460f7b4cd5bf61da89bf26a,Actinobacteriota,Actinomycetia,Actinomycetales,Microbacteriaceae,Leucobacter,NA,-0.132241191,NA,-1.038260017,NA,NA,NA,NA,NA,NA,NA
6c891abaa8f2147383dd332e601800eb,Actinobacteriota,Actinomycetia,Actinomycetales,Micrococcaceae,Micrococcus,NA,NA,NA,NA,NA,0.53901159,1.067947955,NA,NA,NA,NA
73b7563f30dc3ad68a861e25ce589c0a,Actinobacteriota,Actinomycetia,Mycobacteriales,Mycobacteriaceae,Mycobacterium,NA,NA,0.27592788,NA,0.392779051,NA,0.6124589,NA,NA,NA,NA
8253a32e37cc65a796a92ee67b50d870,Actinobacteriota,Actinomycetia,Mycobacteriales,Mycobacteriaceae,Lawsonella,0.431943088,NA,NA,NA,NA,NA,1.102726389,NA,NA,NA,NA
84739a30798ceb9d9290e4412e67eb24,Actinobacteriota,Actinomycetia,Actinomycetales,Cellulomonadaceae,Cellulosimicrobium,NA,NA,0.568491912,NA,0.982582414,NA,NA,NA,NA,NA,NA
8bc54d575f88d09b2ba16b7f571812ae,Actinobacteriota,Actinomycetia,Mycobacteriales,Mycobacteriaceae,Corynebacterium,NA,NA,NA,0.603698661,-1.642235589,NA,NA,NA,NA,4.73143248,NA
8c2fb0cdbe0db119375869b5c4b20a53,Actinobacteriota,Actinomycetia,Actinomycetales,Microbacteriaceae,Leucobacter,NA,NA,NA,NA,NA,NA,NA,NA,-0.437031547,NA,NA
8c55d1108d3cefe1e0f6375e1376ce27,Actinobacteriota,Actinomycetia,Mycobacteriales,Mycobacteriaceae,Corynebacterium,NA,NA,NA,1.31168306,NA,NA,1.249158501,NA,NA,NA,NA
ce5eea8e7eb39c9ec26edd8cb297bdbf,Actinobacteriota,Actinomycetia,Mycobacteriales,Geodermatophilaceae,Modestobacter,NA,NA,NA,NA,-0.72752831,NA,NA,NA,NA,NA,NA
d8f298eccc87fa0854033cac0ce4baca,Actinobacteriota,Actinomycetia,Mycobacteriales,Mycobacteriaceae,Corynebacterium,NA,NA,NA,0.591521293,NA,NA,NA,NA,NA,NA,NA
da2802fccbb7d58d5da5d5357af9d81a,Actinobacteriota,Actinomycetia,Actinomycetales,Microbacteriaceae,Leucobacter,NA,NA,NA,NA,NA,NA,NA,NA,NA,6.809173123,NA
e795fed13ead27da7c3bedd15b4a59c1,Actinobacteriota,Actinomycetia,Mycobacteriales,Mycobacteriaceae,Rhodococcus,NA,NA,NA,-1.494019266,NA,NA,NA,NA,NA,NA,NA
fa34fcf46783dd613a648010f4e4e0e9,Actinobacteriota,Actinomycetia,Actinomycetales,Microbacteriaceae,Leucobacter,NA,NA,NA,0.43967079,NA,0.90362973,NA,NA,NA,NA,NA
08a23647e8c11cd7f89ee8f609e3d974,Bacteroidota,Bacteroidia,Flavobacteriales,Weeksellaceae,Elizabethkingia,NA,NA,NA,NA,NA,0.568575361,NA,NA,NA,NA,NA
1ee27fee30b2e6832a2be5e28f0978f3,Bacteroidota,Bacteroidia,Chitinophagales,Chitinophagaceae,Sediminibacterium,NA,NA,NA,NA,NA,-0.406864776,NA,NA,NA,NA,NA
3190ea7b37383fa02f757f43964f9998,Bacteroidota,Bacteroidia,Chitinophagales,Chitinophagaceae,UBA1930,NA,NA,NA,NA,NA,0.654614024,NA,NA,NA,NA,NA
38356624d04e633aa689a6ffc05a137f,Bacteroidota,Bacteroidia,Sphingobacteriales,Sphingobacteriaceae,Pedobacter,-0.415255142,NA,NA,0.77343719,-0.655874145,-0.150490691,-0.773172109,NA,NA,NA,NA
3901df51425ba2a8d72bb780babe7a48,Bacteroidota,Bacteroidia,Chitinophagales,Chitinophagaceae,Niabella,NA,NA,NA,NA,NA,NA,0.574829298,NA,NA,NA,NA
3a75074368d793b1de0d8090a6340a1c,Bacteroidota,Bacteroidia,Bacteroidales,UBA932,Bact-08,NA,NA,0.338866945,NA,0.548719942,NA,NA,NA,NA,NA,NA
3bdf3962a4d6b9738dc1bfa095f6cc8e,Bacteroidota,Bacteroidia,Sphingobacteriales,Sphingobacteriaceae,Sphingobacterium,NA,NA,NA,NA,-0.736366985,NA,NA,NA,NA,NA,NA
4472b8a122f7775d492278da34a2c780,Bacteroidota,Bacteroidia,Flavobacteriales,Weeksellaceae,Empedobacter,NA,NA,NA,NA,-0.771628478,NA,NA,NA,NA,NA,NA
4810fbab877c32e917880c61301fe5e1,Bacteroidota,Bacteroidia,Chitinophagales,Chitinophagaceae,QFOI01,NA,NA,NA,NA,0.785191228,NA,NA,NA,NA,NA,NA
50cd0822f350f8f5e1f8c59e67e10980,Bacteroidota,Bacteroidia,Sphingobacteriales,Sphingobacteriaceae,Pedobacter,NA,NA,NA,-1.038260017,-0.868502092,0.479552981,NA,NA,NA,NA,NA
524c385df0ab7e16602e53b507548e80,Bacteroidota,Bacteroidia,Bacteroidales,UBA932,Bact-08,NA,NA,0.243399342,NA,0.387072557,NA,NA,NA,NA,NA,NA
5f62852c777d05477e044c49c5941041,Bacteroidota,Bacteroidia,Flavobacteriales,Flavobacteriaceae,Flavobacterium,NA,NA,NA,0.568260555,NA,NA,NA,NA,NA,NA,NA
69f3be1ce26140f5820552e2a9d49289,Bacteroidota,Bacteroidia,Cytophagales,Spirosomaceae,Flectobacillus,NA,NA,NA,NA,1.246045851,NA,NA,NA,NA,NA,NA
8310deaf296c304dea209d19107677a0,Bacteroidota,Bacteroidia,Sphingobacteriales,Sphingobacteriaceae,Pedobacter,NA,NA,NA,NA,NA,NA,1.006681283,NA,NA,NA,NA
8cf646f2d2ffa7d4a56e9156530deb71,Bacteroidota,Bacteroidia,Sphingobacteriales,Sphingobacteriaceae,Pedobacter,-0.457069422,NA,NA,0.356129137,NA,NA,1.006681283,NA,NA,NA,NA
8d3565638a5a89a00aa3233b2b027489,Bacteroidota,Bacteroidia,Flavobacteriales,Weeksellaceae,Chryseobacterium,NA,NA,NA,0.439854945,NA,-0.10062532,NA,NA,0.481493328,NA,NA
97dd96b6bd56805492a523b0d748e8b9,Bacteroidota,Bacteroidia,Sphingobacteriales,Sphingobacteriaceae,Pedobacter,-0.383516854,NA,NA,0.286579995,NA,NA,NA,NA,NA,NA,NA
9c0fb370e79191f46ba2658dd16f3f7a,Bacteroidota,Bacteroidia,Sphingobacteriales,Sphingobacteriaceae,Pedobacter,NA,NA,NA,NA,NA,NA,-0.170599803,NA,NA,NA,NA
b4a6dbffc57baaf07b759c235b54ea32,Bacteroidota,Bacteroidia,Flavobacteriales,Flavobacteriaceae,Flavobacterium,NA,NA,0.269266253,NA,0.43022277,NA,NA,NA,NA,NA,NA
be34bc2a6ad1dc1fabaeb4de8b1416e9,Bacteroidota,Bacteroidia,Flavobacteriales,Crocinitomicaceae,Fluviicola,NA,NA,NA,-1.494019266,NA,NA,NA,NA,NA,NA,NA
c54b6665341382ceb4e098c161040fbb,Bacteroidota,Bacteroidia,Flavobacteriales,Weeksellaceae,Elizabethkingia,-0.210866268,NA,NA,0.365218503,NA,NA,NA,NA,NA,NA,NA
c873733a1c472c123f8063297a02c773,Bacteroidota,Bacteroidia,Flavobacteriales,Weeksellaceae,Cloacibacterium,NA,NA,NA,NA,-0.787986568,0.736141224,NA,NA,NA,NA,NA
cf8bf0b345405caaba7cc3268757a408,Bacteroidota,Bacteroidia,Flavobacteriales,Weeksellaceae,Chryseobacterium,NA,NA,-0.152114136,NA,NA,-0.104440086,NA,NA,NA,NA,NA
d2208d27b5df4c53eb547f7ac45f4d6b,Bacteroidota,Bacteroidia,Flavobacteriales,Weeksellaceae,Chryseobacterium,NA,NA,NA,NA,NA,0.620983769,0.235325088,NA,NA,NA,NA
e17375b9ca23588649a898e39d9c1d55,Bacteroidota,Bacteroidia,Chitinophagales,Chitinophagaceae,Heliimonas,NA,NA,NA,NA,0.536290049,NA,NA,NA,NA,NA,NA
ee2a40ab09837c1e5980432ca318455a,Bacteroidota,Bacteroidia,Flavobacteriales,Weeksellaceae,Elizabethkingia,NA,NA,NA,-1.234436824,NA,NA,NA,NA,NA,NA,NA
886bdebcd1b947ccce00aeac366d8609,Bdellovibrionota,Bacteriovoracia,Bacteriovoracales,Bacteriovoracaceae,Bacteriovorax,NA,NA,NA,NA,NA,-0.211293036,-0.371222628,NA,NA,NA,NA
33d7a7c0173453d98174432239cd49cb,Chloroflexota,Anaerolineae,Aggregatilineales,Aggregatilineaceae,Aggregatilinea,0.391618554,NA,NA,-1.454506589,NA,NA,NA,NA,NA,NA,NA
0d87b112bc336b97248bf4757a668689,Firmicutes,Bacilli,Bacillales,Bacillaceae,Bacillus,NA,NA,0.213619947,NA,0.337908831,NA,NA,NA,NA,NA,NA
0e96f958bdaf9979b03aa574d7299f4c,Firmicutes,Bacilli,Bacillales,Bacillaceae,Family_Bacillaceae,NA,NA,NA,0.972954326,NA,NA,NA,NA,NA,NA,NA
2e4055a3568601599bde5e951c455dd9,Firmicutes,Bacilli,Class_Bacilli,Class_Bacilli,Class_Bacilli,NA,NA,NA,NA,-0.746412971,NA,1.586858286,NA,NA,NA,NA
2eef066edc32e6009723e7da97135edf,Firmicutes,Bacilli,Bacillales,Order_Bacillales,Order_Bacillales,NA,NA,NA,NA,-0.771628478,NA,NA,NA,NA,NA,NA
3dcf95f04c5e5084618a820fded0a048,Firmicutes,Clostridia,Clostridiales,Clostridiaceae,Clostridium,NA,NA,NA,-1.038260017,NA,NA,NA,NA,NA,NA,NA
49a361dc4554ca6f03bc8d8bf47e329c,Firmicutes,Bacilli,Bacillales,Planococcaceae,Lysinibacillus,NA,NA,NA,NA,-0.868502092,NA,NA,NA,NA,NA,NA
4d723a182561c3d3e0268d0a49d1c1b1,Firmicutes,Clostridia,Peptostreptococcales,Anaerovoracaceae,Anaerovorax,NA,NA,NA,NA,0.564870571,NA,NA,NA,NA,NA,NA
5f6d574b15cbc75cdffbc84b329bb26a,Firmicutes,Bacilli,Class_Bacilli,Class_Bacilli,Class_Bacilli,NA,NA,0.259620097,NA,0.414079504,NA,NA,NA,NA,NA,NA
7bc6304a3b13c6ca73dfca4497a00dc5,Firmicutes,Clostridia,Lachnospirales,Lachnospiraceae,Lacrimispora,NA,NA,NA,-1.482114381,NA,NA,NA,NA,NA,NA,NA
8114950780beaf8e8023491a1630a176,Firmicutes,Negativicutes,Sporomusales,Thermosinaceae,Anaerospora,NA,NA,NA,-1.326910703,NA,NA,NA,NA,NA,NA,NA
8d5ecba2cbb96c5e2e01b8b9fced7e06,Firmicutes,Clostridia,Clostridiales,Clostridiaceae,Clostridium,NA,NA,NA,NA,0.450960261,NA,NA,NA,NA,NA,NA
985faddfff65bdf62f4c14bbbe3e8ba5,Firmicutes,Bacilli,Bacillales,Bacillaceae,Weizmannia,NA,NA,NA,NA,NA,0.427181223,NA,NA,NA,NA,NA
a5189f77a2cfeab3bc1602ff5c8ac3e9,Firmicutes,Bacilli,Lactobacillales,Streptococcaceae,Streptococcus,NA,NA,NA,NA,NA,NA,1.586858286,NA,NA,NA,NA
a5d1217aa1cbc154c499796f9040d954,Firmicutes,Bacilli,Staphylococcales,Staphylococcaceae,Staphylococcus,-0.542692812,NA,NA,NA,-1.041033384,NA,1.249158501,NA,NA,NA,NA
bd2ebc70501f7d867c204f94c4e483da,Firmicutes,Bacilli,Lactobacillales,Streptococcaceae,Streptococcus,NA,NA,NA,NA,NA,0.607299454,NA,NA,NA,NA,NA
c5a7332399735113a898e9e35b406e5c,Firmicutes,Bacilli,Paenibacillales,Paenibacillaceae,Paenibacillus,NA,NA,NA,-1.482114381,NA,NA,NA,NA,NA,NA,NA
c7c779fa3082af6f739c913c4bd51520,Firmicutes,Clostridia,Peptostreptococcales,Anaerovoracaceae,Aminipila,NA,NA,NA,NA,1.198518216,NA,NA,NA,NA,NA,NA
c87f305e278617ac231a0a57d7a27a25,Firmicutes,Clostridia,Clostridiales,Clostridiaceae,Family_Clostridiaceae,NA,NA,-0.915886513,NA,NA,NA,0.653786938,NA,NA,NA,NA
d23fbef2f31d48eda40876cdbc49933a,Firmicutes,Bacilli,Staphylococcales,Staphylococcaceae,Staphylococcus,-0.731605526,NA,NA,0.637812574,NA,NA,1.06474314,NA,NA,NA,NA
d56ebb77864a21ec27bf3d9d2dd51240,Firmicutes,Bacilli,DSM-16016,Caldibacillaceae,Bacillus,NA,NA,NA,NA,NA,0.607299454,NA,NA,NA,NA,NA
db319224c1303cac231f2e31e0347b06,Firmicutes,Clostridia,Clostridiales,Clostridiaceae,Clostridium,NA,NA,NA,-1.472572402,NA,NA,NA,NA,NA,NA,NA
8c265997833b66e44da089090237e843,Myxococcota,Polyangia,Polyangiales,Polyangiaceae,Family_Polyangiaceae,NA,NA,NA,NA,-0.673142104,NA,NA,NA,NA,NA,NA
6abcee93286fa4a279e47953bc18a7a7,Planctomycetota,Phycisphaerae,Tepidisphaerales,Tepidisphaeraceae,UBA2421,NA,NA,NA,-1.226154067,NA,NA,NA,NA,NA,NA,NA
73cd0b59d3c1ee6c6470bd953cc007a2,Planctomycetota,Planctomycetia,Gemmatales,Gemmataceae,Family_Gemmataceae,NA,NA,NA,NA,-0.719648723,NA,NA,NA,NA,NA,NA
007a17b7f6b93558bb5f8826ea983056,Proteobacteria,Gammaproteobacteria,Xanthomonadales,Xanthomonadaceae,Stenotrophomonas,NA,NA,NA,-1.230830348,NA,NA,NA,NA,NA,NA,NA
02e56876b3ffcda6cda97654505279f2,Proteobacteria,Alphaproteobacteria,Caulobacterales,Caulobacteraceae,Caulobacter,NA,NA,NA,-1.465765504,NA,0.786230453,NA,NA,NA,NA,NA
08cc46b8779c43b1872292e0d97a0890,Proteobacteria,Gammaproteobacteria,Burkholderiales,Burkholderiaceae,Family_Burkholderiaceae,NA,NA,NA,NA,NA,0.584732181,-0.679941106,NA,NA,NA,NA
09f74334ddd0008931d05c020c8d7730,Proteobacteria,Gammaproteobacteria,Burkholderiales,Rhodocyclaceae,Thauera,0.414482957,NA,NA,-1.464990153,NA,NA,NA,NA,NA,NA,NA
0c96f776da7051d25f4fd62ba69ba324,Proteobacteria,Alphaproteobacteria,Rhodospirillales,UXAT02,Defluviicoccus,NA,NA,NA,NA,NA,NA,1.462337789,NA,NA,NA,NA
0cf33eb4b86b224b3c158207fb9c8c48,Proteobacteria,Alphaproteobacteria,Rhodobacterales,Rhodobacteraceae,Family_Rhodobacteraceae,NA,NA,NA,0.7387608,NA,NA,NA,NA,NA,NA,NA
0cf4077d7201a18548a12acd3e1d505b,Proteobacteria,Alphaproteobacteria,Acetobacterales,Acetobacteraceae,Asaia,NA,NA,NA,-1.235286181,NA,NA,NA,NA,NA,NA,NA
0d0e3101171c782e1ede9e291ab9c7bc,Proteobacteria,Alphaproteobacteria,Rhizobiales,Xanthobacteraceae,Family_Xanthobacteraceae,NA,NA,NA,-0.758528106,NA,NA,NA,NA,NA,NA,NA
0eb8e63cb8f7cb7aa58b403dc29da7de,Proteobacteria,Gammaproteobacteria,Pseudomonadales,Moraxellaceae,Acinetobacter,-0.402334901,NA,NA,0.338706857,NA,NA,NA,NA,NA,NA,NA
10108d29ee667e6f5b413c7bbaf7991d,Proteobacteria,Gammaproteobacteria,Pseudomonadales,Moraxellaceae,Acinetobacter,NA,NA,-0.743295935,-0.883017545,NA,NA,NA,NA,NA,-1.039926288,-1.588471368
107aa7e6b56274803bffd1ccff5b2ee6,Proteobacteria,Gammaproteobacteria,Pseudomonadales,Moraxellaceae,Acinetobacter,-0.372319741,NA,-0.183320941,0.256382977,NA,-0.159330153,-0.497804527,NA,NA,-0.391366031,NA
10cde2fa4db56b195187e547f870d34b,Proteobacteria,Gammaproteobacteria,Burkholderiales,Rhodocyclaceae,Tepidiphilus,NA,NA,NA,NA,-0.685287374,NA,NA,NA,NA,NA,NA
1187d3f6bbc3c560b79f47cf9ad873bd,Proteobacteria,Gammaproteobacteria,Xanthomonadales,Xanthomonadaceae,Stenotrophomonas,NA,NA,NA,-1.248565975,NA,NA,NA,NA,NA,NA,NA
1369aba02dd8b749b4c4c2a799d34207,Proteobacteria,Alphaproteobacteria,Caulobacterales,Caulobacteraceae,Brevundimonas,NA,NA,0.490936238,-0.333812078,0.444538873,NA,NA,NA,NA,NA,NA
16469cc40587771b7602fa59352c70ab,Proteobacteria,Gammaproteobacteria,Burkholderiales,Burkholderiaceae,Family_Burkholderiaceae,NA,NA,NA,NA,NA,NA,0.385028245,NA,NA,NA,NA
1b158b8b2922d4fcad5d9cea607cbb7d,Proteobacteria,Gammaproteobacteria,Enterobacterales,Enterobacteriaceae,Escherichia,0.352904413,NA,NA,NA,NA,NA,1.038869915,NA,NA,NA,NA
1b2567820cc1e0a34960a02c766161e4,Proteobacteria,Gammaproteobacteria,Enterobacterales,Enterobacteriaceae,Family_Enterobacteriaceae,NA,NA,NA,NA,-0.719648723,NA,NA,NA,NA,NA,NA
1bfddc56f0549c7953359140bb8c64b1,Proteobacteria,Gammaproteobacteria,Enterobacterales,Enterobacteriaceae,Serratia,NA,NA,NA,NA,-0.544978995,NA,NA,NA,NA,NA,NA
1d1533db28dba4af61f1d5cc6633f2fa,Proteobacteria,Gammaproteobacteria,Burkholderiales,Chromobacteriaceae,Aquitalea,NA,NA,NA,0.205590808,NA,NA,0.269286899,NA,NA,NA,NA
1e81258348c55daeef435f6100eee461,Proteobacteria,Gammaproteobacteria,Enterobacterales,Enterobacteriaceae,Family_Enterobacteriaceae,NA,NA,NA,-1.465188798,NA,NA,NA,NA,NA,NA,NA
2228925453f05f31ac661681aa9941d6,Proteobacteria,Alphaproteobacteria,Acetobacterales,Acetobacteraceae,Roseomonas,NA,NA,0.259620097,NA,0.414079504,NA,NA,NA,NA,NA,NA
25378e41f19be3a40f90da3cc055bc9f,Proteobacteria,Gammaproteobacteria,Enterobacterales,Alteromonadaceae,Pseudoalteromonas,NA,NA,NA,NA,NA,0.90362973,NA,NA,NA,NA,NA
265de43fbbc0ebb4c8378e5404a8728c,Proteobacteria,Gammaproteobacteria,Pseudomonadales,Pseudomonadaceae,Pseudomonas,NA,NA,-0.106467896,NA,NA,-0.112158276,NA,NA,NA,NA,NA
26f1fe1d525ec8756078e905957888b6,Proteobacteria,Alphaproteobacteria,Caulobacterales,Caulobacteraceae,Brevundimonas,NA,NA,NA,NA,NA,0.808392335,1.530572507,NA,NA,NA,NA
274b25ca87d226e1ec1b3648758ff5a8,Proteobacteria,Alphaproteobacteria,Rhizobiales,Xanthobacteraceae,Aquabacter,NA,NA,-0.28292947,-0.340751414,NA,NA,-0.306146974,NA,NA,-1.482013621,NA
290d00e82b7625c8ab79f9ad9ce480b8,Proteobacteria,Alphaproteobacteria,Caulobacterales,Caulobacteraceae,Asticcacaulis,NA,NA,NA,NA,0.564870571,0.567322051,NA,NA,NA,NA,NA
2acba250c4746ff617d6615723a04ab7,Proteobacteria,Gammaproteobacteria,Burkholderiales,Burkholderiaceae,Family_Burkholderiaceae,NA,NA,NA,NA,-0.868502092,NA,NA,NA,NA,NA,NA
2ad6256a8aa79756698ddd1b89ed7ad1,Proteobacteria,Alphaproteobacteria,Rhizobiales,Beijerinckiaceae,Bosea,NA,NA,NA,NA,NA,NA,NA,NA,0.582944256,NA,NA
2bcc7082f4a29b154bcaa87cf00b4fe3,Proteobacteria,Alphaproteobacteria,Rhizobiales,Beijerinckiaceae,Bosea,NA,NA,NA,NA,0.63188491,NA,NA,NA,NA,NA,NA
2d0d11f29cae22f945211c2fb8bd424c,Proteobacteria,Alphaproteobacteria,Acetobacterales,Acetobacteraceae,Roseococcus,NA,NA,NA,-1.482114381,NA,NA,NA,NA,NA,NA,NA
30cfacf248039e5b1f840115bff89215,Proteobacteria,Alphaproteobacteria,Caulobacterales,Caulobacteraceae,Phenylobacterium,0.431943088,NA,NA,-1.477158786,NA,NA,NA,NA,NA,NA,NA
31f38e67c39e25a4a8b4583dc7cd8846,Proteobacteria,Gammaproteobacteria,Xanthomonadales,Xanthomonadaceae,Family_Xanthobacteraceae,NA,NA,0.259620097,NA,0.414079504,NA,NA,NA,NA,NA,NA
331657258038535df96ea6665290782a,Proteobacteria,Gammaproteobacteria,Burkholderiales,Burkholderiaceae,Variovorax,NA,NA,NA,-1.230512231,NA,NA,NA,NA,NA,NA,NA
38c2a261f81a7ed09f39ac6f9fd0cf2e,Proteobacteria,Gammaproteobacteria,Burkholderiales,Burkholderiaceae,Variovorax,-0.499088646,NA,NA,NA,NA,-0.123067443,NA,NA,NA,-0.499453336,NA
39183d7b959435dfb732ddeab840b00e,Proteobacteria,Alphaproteobacteria,Rhizobiales,Beijerinckiaceae,Bosea,NA,NA,NA,NA,-0.367815096,NA,NA,NA,NA,NA,NA
394eeccf5a2a35b9e7c32243563eef03,Proteobacteria,Gammaproteobacteria,Burkholderiales,Burkholderiaceae,Family_Burkholderiaceae,NA,NA,0.28574775,NA,0.457943028,NA,NA,NA,NA,NA,NA
3e112563e0ef973d16a7554ff4166b12,Proteobacteria,Alphaproteobacteria,Sphingomonadales,Sphingomonadaceae,Family_Sphingomonadaceae,NA,NA,0.250544764,NA,0.398950932,NA,NA,NA,NA,NA,NA
3ea027ac9c30306db8fd5fd74cf30c63,Proteobacteria,Alphaproteobacteria,Rhizobiales,Rhizobiaceae,Rhizobium,NA,NA,NA,NA,0.564870571,NA,NA,NA,NA,NA,NA
438dc2a2ea2405a782df5830ae62100e,Proteobacteria,Alphaproteobacteria,Rhizobiales,Rhizobiaceae,Agrobacterium,NA,0.127843839,NA,0.718691575,-0.31437261,NA,NA,NA,0.38870846,NA,NA
43f41dd4045f31804b91facdd53eab41,Proteobacteria,Gammaproteobacteria,Xanthomonadales,Xanthomonadaceae,Stenotrophomonas,NA,NA,NA,NA,NA,NA,0.181356642,NA,NA,NA,NA
44d2df836124b3a024baa940060336ea,Proteobacteria,Gammaproteobacteria,Enterobacterales,Enterobacteriaceae,Family_Enterobacteriaceae,NA,NA,NA,-1.462874184,NA,NA,NA,NA,NA,NA,NA
4ca76612b5cecf33d2c41ec0a47779ed,Proteobacteria,Gammaproteobacteria,Burkholderiales,Burkholderiaceae,Family_Burkholderiaceae,-0.289479546,NA,NA,0.61675455,0.227018198,0.175243175,NA,-0.230239807,-0.255323262,NA,NA
50a3b56e0b7db75ee9daccf7a751ba41,Proteobacteria,Gammaproteobacteria,Pseudomonadales,Moraxellaceae,Acinetobacter,NA,NA,NA,0.471864987,NA,NA,NA,NA,NA,NA,NA
541ec62b0f90585ad0169ee26ccab743,Proteobacteria,Gammaproteobacteria,Burkholderiales,Methylophilaceae,Methylophilus,NA,NA,NA,NA,0.906988844,NA,NA,NA,NA,NA,NA
588b5ccdde9b0d39d61568731d7e223f,Proteobacteria,Gammaproteobacteria,Pseudomonadales,Moraxellaceae,Acinetobacter,-0.387965868,NA,NA,0.299561203,-0.676934295,NA,NA,NA,NA,NA,NA
5a643416912cd501b32774890bd72a5f,Proteobacteria,Gammaproteobacteria,Pseudomonadales,Pseudomonadaceae,Pseudomonas,NA,NA,NA,-1.476128842,NA,NA,NA,NA,NA,NA,NA
5b0166761098e7f06ef757c1472d2502,Proteobacteria,Gammaproteobacteria,Enterobacterales,Vibrionaceae,Vibrio,-0.467325749,NA,NA,0.297760913,NA,NA,NA,NA,NA,NA,NA
5b1302e60016e322bbdc6979447a86ed,Proteobacteria,Gammaproteobacteria,Enterobacterales,Enterobacteriaceae,Cedecea,NA,NA,NA,NA,0.584589943,0.446454346,1.006681283,NA,NA,NA,NA
5c96ec70d2839b27eb48f2226c96e2ca,Proteobacteria,Gammaproteobacteria,Pseudomonadales,Moraxellaceae,Acinetobacter,NA,NA,NA,NA,NA,0.998402085,NA,NA,NA,NA,NA
5ea47811a8275ec5dadade92ce4f0434,Proteobacteria,Gammaproteobacteria,Burkholderiales,Burkholderiaceae,Burkholderia,NA,NA,NA,NA,-0.808239221,NA,NA,NA,NA,-0.775458286,NA
5f29d9b4f0b89c4e06ffe87ff913822d,Proteobacteria,Gammaproteobacteria,Immundisolibacterales,Immundisolibacteraceae,Immundisolibacter,NA,NA,NA,NA,-0.868502092,NA,NA,NA,NA,NA,NA
62d93060a86b3c0bb37b3634e5529004,Proteobacteria,Alphaproteobacteria,Rhizobiales,Beijerinckiaceae,Rhodoblastus,NA,NA,NA,NA,NA,NA,0.498258137,NA,NA,NA,NA
62f2ca0a35761f1dca706cd4bd60d153,Proteobacteria,Alphaproteobacteria,Rhizobiales,Beijerinckiaceae,Family_Beijerinckiaceae,NA,NA,NA,NA,0.332649411,NA,NA,NA,NA,NA,NA
65e2fe387bfdf0fa880811cceac1d59e,Proteobacteria,Gammaproteobacteria,Burkholderiales,Burkholderiaceae,Achromobacter,NA,NA,NA,0.486314296,NA,NA,NA,NA,NA,NA,NA
677929eac52be081cdae08a0b9c70eb2,Proteobacteria,Gammaproteobacteria,Enterobacterales,Enterobacteriaceae,Family_Enterobacteriaceae,NA,NA,NA,0.307810712,-0.251305331,0.303264403,NA,NA,NA,NA,NA
6a9e6cd156ec3e7ca51f4912bfe49614,Proteobacteria,Gammaproteobacteria,Burkholderiales,Burkholderiaceae,Family_Burkholderiaceae,NA,NA,0.270509809,NA,0.43230526,NA,NA,NA,NA,NA,NA
6ba560a76661744bc65eed04953c1314,Proteobacteria,Gammaproteobacteria,Enterobacterales,Aeromonadaceae,Aeromonas,NA,NA,NA,0.527060814,0.509491162,NA,NA,NA,NA,NA,NA
74b5e290724d621524a132c83d4164f3,Proteobacteria,Alphaproteobacteria,Acetobacterales,Acetobacteraceae,Asaia,-0.284321362,NA,NA,0.271908424,NA,NA,1.06474314,NA,NA,NA,NA
74fd73c11b1b41a953d621e26ab290a8,Proteobacteria,Alphaproteobacteria,Acetobacterales,Acetobacteraceae,Rhodovarius,NA,0.104235685,NA,NA,NA,-0.196450027,-0.214135701,NA,NA,NA,NA
77c55b0f6c379835576843cf02171325,Proteobacteria,Alphaproteobacteria,Sphingomonadales,Sphingomonadaceae,Sphingomonas,NA,NA,NA,NA,0.503248197,NA,NA,NA,NA,NA,NA
77d6a7db6de3bb1f15a02fdb36f90627,Proteobacteria,Alphaproteobacteria,Rhizobiales,Xanthobacteraceae,Bradyrhizobium,NA,NA,NA,NA,NA,0.68304363,NA,NA,NA,NA,NA
7808d9998d7c3f332e84b59eb2b9a074,Proteobacteria,Gammaproteobacteria,Pseudomonadales,Pseudomonadaceae,Family_Pseudomonadaceae,NA,NA,NA,NA,NA,NA,0.350895015,NA,NA,NA,NA
7917ea4a8baaaaad51430b1d6e563817,Proteobacteria,Alphaproteobacteria,Class_Alphaproteobacteria,Class_Alphaproteobacteria,Class_Alphaproteobacteria,NA,NA,NA,NA,-0.808239221,NA,NA,NA,NA,NA,NA
7b054f04ff8194f7a97cbbd55455ceef,Proteobacteria,Alphaproteobacteria,Caulobacterales,Caulobacteraceae,Brevundimonas,NA,NA,NA,NA,1.198518216,NA,NA,NA,NA,NA,NA
7f1487c191bfa6ccc9085821aadf4324,Proteobacteria,Gammaproteobacteria,Xanthomonadales,Xanthomonadaceae,Stenotrophomonas,NA,NA,NA,NA,-0.381595526,-0.189197405,NA,NA,-0.241967947,NA,NA
802ee9764e76d0872a9892cdfeb43ef6,Proteobacteria,Gammaproteobacteria,Enterobacterales,Enterobacteriaceae,Erwinia,NA,NA,0.256039949,NA,0.408107194,NA,NA,NA,NA,NA,NA
84716245f53ab2236b84538a9cdd74ed,Proteobacteria,Alphaproteobacteria,Rhizobiales,Beijerinckiaceae,Methylobacterium,NA,NA,NA,0.745976103,-2.035193711,0.571081558,0.374900552,NA,NA,NA,NA
847ef1a2b17a1c61035475b56d24122d,Proteobacteria,Gammaproteobacteria,Burkholderiales,Burkholderiaceae,Massilia,NA,NA,NA,-0.577582021,NA,NA,NA,NA,NA,NA,NA
84ec1399e8ee3618cc0686f28b89dbcb,Proteobacteria,Gammaproteobacteria,Enterobacterales,Enterobacteriaceae,Pantoea,0.349479966,NA,NA,-1.444706277,NA,0.370754403,NA,NA,NA,NA,-2.155011064
891019e319f5d8d088ed4f9379fd63ef,Proteobacteria,Gammaproteobacteria,Xanthomonadales,Xanthomonadaceae,Stenotrophomonas,-0.271916429,NA,NA,NA,NA,NA,NA,NA,NA,NA,NA
8cb92babedb9f4ff7bedee4ac4f47370,Proteobacteria,Alphaproteobacteria,Azospirillales,Azospirillaceae,Azospirillum,NA,NA,NA,NA,NA,-0.273240855,0.456566454,NA,NA,NA,NA
8cf45fe9e1251163b5d801841857a873,Proteobacteria,Gammaproteobacteria,Burkholderiales,Burkholderiaceae,Aquabacterium,NA,NA,NA,NA,-0.31428108,NA,NA,NA,NA,NA,NA
8f09bac714c02dc9415770271349dc99,Proteobacteria,Gammaproteobacteria,Pseudomonadales,Pseudomonadaceae,Pseudomonas,NA,NA,NA,-0.555156057,NA,NA,0.297905526,NA,NA,-0.658168599,NA
929d9a7f88bd83bc06d889c356d9a13e,Proteobacteria,Gammaproteobacteria,Enterobacterales,Enterobacteriaceae,Family_Enterobacteriaceae,NA,NA,NA,NA,NA,NA,0.461774749,NA,NA,-0.303795064,NA
9300f96e4700122e2126eeebf4d8caf2,Proteobacteria,Gammaproteobacteria,Pseudomonadales,Moraxellaceae,Acinetobacter,NA,NA,0.236604252,NA,0.375808869,NA,NA,NA,NA,NA,NA
951bd5ee0c2df7f25c6c2959e3c45295,Proteobacteria,Alphaproteobacteria,Sphingomonadales,Sphingomonadaceae,Family_Sphingomonadaceae,NA,NA,NA,NA,NA,0.32043329,0.743942627,NA,NA,NA,NA
98bc1ec29a4c0f9fbf70d7bfa48a48b6,Proteobacteria,Gammaproteobacteria,Burkholderiales,Burkholderiaceae,Tepidimonas,NA,NA,NA,0.632217988,NA,NA,NA,NA,NA,NA,NA
9ae8011e9347ce18b60ba481bfb72e32,Proteobacteria,Gammaproteobacteria,Burkholderiales,Rhodocyclaceae,Family_Rhodocyclaceae,NA,NA,0.19797481,NA,NA,0.370754403,NA,NA,NA,NA,NA
9c0f13da7e122b66fbc8fedd932c6214,Proteobacteria,Alphaproteobacteria,Sphingomonadales,Sphingomonadaceae,Rhizorhabdus,NA,NA,NA,NA,-0.736366985,-0.627996464,-0.765901238,NA,NA,NA,NA
9e08c2a6aa9077613cf984b80ea7aab9,Proteobacteria,Gammaproteobacteria,Enterobacterales,Aeromonadaceae,Pseudaeromonas,NA,NA,NA,NA,-0.706155353,NA,NA,NA,NA,NA,NA
a27c0544a0789a4e34dc33c69ff79640,Proteobacteria,Alphaproteobacteria,Sphingomonadales,Sphingomonadaceae,Sphingomonas,NA,NA,NA,-1.494019266,NA,NA,NA,NA,NA,NA,NA
a2f0cf02930b05c8fe5c73965d323288,Proteobacteria,Alphaproteobacteria,Rhizobiales,Beijerinckiaceae,Methylobacterium,NA,NA,NA,NA,NA,0.651247934,NA,NA,NA,NA,NA
a79660dddf827d14201bbc0df31583f9,Proteobacteria,Gammaproteobacteria,Pseudomonadales,Moraxellaceae,Acinetobacter,NA,NA,NA,-1.229479572,NA,NA,NA,NA,NA,NA,NA
a922acd6335473288ef5998e069676d1,Proteobacteria,Alphaproteobacteria,Rhizobiales,Beijerinckiaceae,Bosea,NA,NA,NA,-0.948449106,NA,NA,NA,NA,NA,NA,NA
ad9a88474fe1a5a88942053997b2b30b,Proteobacteria,Alphaproteobacteria,Caulobacterales,Caulobacteraceae,Caulobacter,NA,0.106349403,NA,NA,NA,NA,-0.300032715,NA,NA,NA,NA
b1962c644e4042f60fcf0327de0438fb,Proteobacteria,Alphaproteobacteria,Class_Alphaproteobacteria,Class_Alphaproteobacteria,Class_Alphaproteobacteria,NA,NA,NA,NA,0.536290049,NA,NA,NA,NA,NA,NA
b4c9bc9315d2331ee859d99151ef4b46,Proteobacteria,Gammaproteobacteria,Burkholderiales,Burkholderiaceae,Achromobacter,NA,NA,NA,0.753643671,NA,NA,NA,NA,NA,NA,NA
b7b0f3feee005bde6669fb68042ee47a,Proteobacteria,Gammaproteobacteria,Burkholderiales,Burkholderiaceae,Comamonas,NA,NA,NA,NA,-0.808239221,NA,NA,NA,NA,NA,NA
bf5f4f4da286a3c774d31edb1b6cdf32,Proteobacteria,Gammaproteobacteria,Pseudomonadales,Pseudomonadaceae,Pseudomonas,NA,NA,0.26466536,NA,0.422512656,NA,1.120702536,NA,NA,NA,NA
bfe54af4c9180d37a0d76f6dafe79a5a,Proteobacteria,Gammaproteobacteria,Enterobacterales,Enterobacteriaceae,Family_Enterobacteriaceae,NA,NA,-0.681098346,NA,NA,NA,NA,NA,NA,NA,-1.491419433
c1f617fc8c83594216821f0986d5b3e6,Proteobacteria,Gammaproteobacteria,Burkholderiales,Chromobacteriaceae,Vogesella,0.431943088,NA,NA,NA,NA,NA,NA,NA,NA,NA,NA
c282bbb847f673157cf0e7617a4353f2,Proteobacteria,Gammaproteobacteria,Enterobacterales,Aeromonadaceae,Family_Aeromonadaceae,NA,NA,NA,NA,-0.72752831,NA,NA,NA,NA,NA,NA
c618f7903074d8daea2069c84d4fcd89,Proteobacteria,Alphaproteobacteria,Rhizobiales,Beijerinckiaceae,Bosea,NA,NA,0.194614379,NA,NA,0.633693364,NA,NA,NA,NA,NA
c6357b5b5bb8c067c51faad5180b4e99,Proteobacteria,Gammaproteobacteria,Pseudomonadales,Moraxellaceae,Acinetobacter,NA,NA,NA,0.379667579,NA,NA,NA,NA,NA,NA,NA
c99411617a88b5f4a84ba5b6cd7eea01,Proteobacteria,Alphaproteobacteria,Rhizobiales,Kaistiaceae,Kaistia,NA,NA,NA,NA,NA,NA,-0.812983367,NA,NA,-0.868753118,NA
cd42cf9dbcd165b203fa2bf11e18ac4b,Proteobacteria,Gammaproteobacteria,Xanthomonadales,Xanthomonadaceae,Xanthomonas,NA,NA,NA,NA,-1.763760346,0.607299454,1.383075421,NA,NA,NA,NA
d0792b2b0d7cb4184326f12dd7c53c26,Proteobacteria,Alphaproteobacteria,Rhizobiales,Xanthobacteraceae,Rhodopseudomonas,NA,NA,NA,NA,NA,0.409044236,1.586858286,NA,NA,NA,NA
d34a359930fa7d16269719f7db660e0a,Proteobacteria,Gammaproteobacteria,Burkholderiales,Burkholderiaceae,Herbaspirillum,NA,NA,NA,NA,NA,NA,0.563765878,NA,NA,NA,NA
d5bfa42e61b8ae3b4df2cecbb7d23fe7,Proteobacteria,Gammaproteobacteria,Pseudomonadales,Pseudomonadaceae,Pseudomonas,NA,NA,0.328766168,NA,0.531273432,NA,NA,NA,NA,NA,NA
dbe444913c016340fdd0ce9bd2158ccb,Proteobacteria,Gammaproteobacteria,Pseudomonadales,Pseudomonadaceae,Pseudomonas,NA,NA,0.309759349,NA,0.498694963,NA,NA,NA,NA,NA,NA
deb8b2f88d2816b2bb9291965c744084,Proteobacteria,Gammaproteobacteria,Burkholderiales,Burkholderiaceae,Schlegelella,NA,NA,NA,NA,-0.868502092,NA,NA,NA,NA,NA,NA
deeccbb7c150767d939db615f0c86483,Proteobacteria,Gammaproteobacteria,Enterobacterales,Aeromonadaceae,Tolumonas,NA,NA,0.351215973,NA,NA,NA,NA,NA,NA,NA,NA
e1239fdc812b915d559c62a9251b3c60,Proteobacteria,Gammaproteobacteria,Xanthomonadales,Xanthomonadaceae,Pseudoxanthomonas,NA,NA,NA,0.660027081,NA,NA,NA,NA,NA,NA,NA
e473bfe4ced2bb356f4a024b979e22a9,Proteobacteria,Alphaproteobacteria,Acetobacterales,Acetobacteraceae,Family_Acetobacteraceae,NA,NA,NA,NA,NA,NA,0.653786938,NA,NA,NA,NA
e64306c05500164cb19ad77a6b897029,Proteobacteria,Gammaproteobacteria,Burkholderiales,Burkholderiaceae,Comamonas,NA,NA,-0.310154862,NA,NA,0.188840319,0.217069579,NA,NA,NA,NA
e7c9f275786c832873052c0e78d72efc,Proteobacteria,Gammaproteobacteria,Pseudomonadales,Pseudomonadaceae,Pseudomonas,NA,NA,NA,NA,NA,NA,-0.520657078,NA,-1.041849315,NA,NA
eacb62c027f1b38ff5ed6af750917d01,Proteobacteria,Gammaproteobacteria,Xanthomonadales,Rhodanobacteraceae,Rhodanobacter,NA,NA,0.298576174,NA,0.479661367,NA,NA,NA,NA,NA,NA
eb240c8f80389d24643fc21431ef749a,Proteobacteria,Gammaproteobacteria,Burkholderiales,Burkholderiaceae,Pandoraea,NA,NA,0.306702807,NA,0.493486918,NA,NA,NA,NA,NA,NA
ec30ea29a925f7e73c47ed5962707026,Proteobacteria,Gammaproteobacteria,Burkholderiales,Burkholderiaceae,Acidovorax,NA,NA,NA,NA,-0.787986568,-0.279298131,-0.293331888,NA,NA,NA,NA
ef5a2480e55d717d0c565e287f82a473,Proteobacteria,Alphaproteobacteria,Sphingomonadales,Sphingomonadaceae,Novosphingobium,NA,NA,NA,-1.466484743,NA,NA,NA,NA,NA,NA,NA
efc059f9f9ce149be996c1db1b1d905c,Proteobacteria,Gammaproteobacteria,Pseudomonadales,Moraxellaceae,Acinetobacter,NA,NA,NA,-1.228731137,NA,NA,NA,NA,NA,NA,NA
f2074f0881737743e5c8a8114114dce3,Proteobacteria,Gammaproteobacteria,Pseudomonadales,Pseudomonadaceae,Pseudomonas,NA,NA,NA,NA,NA,NA,NA,NA,NA,-0.930166365,NA
f52e34a07ff2e814f50950ea181cb271,Proteobacteria,Gammaproteobacteria,Pseudomonadales,Moraxellaceae,Acinetobacter,NA,NA,NA,0.635761847,NA,NA,NA,NA,NA,NA,NA
f8dce590f318099b1f8cf3f8e9452a02,Proteobacteria,Alphaproteobacteria,Rhizobiales,Rhizobiaceae,Family_Rhizobiaceae,NA,NA,NA,NA,NA,NA,-0.739416388,NA,NA,NA,NA
f94177d64f0f3dd3b8ddc7282ffeaef0,Proteobacteria,Gammaproteobacteria,Pseudomonadales,Pseudomonadaceae,Pseudomonas,NA,NA,NA,-1.476128842,NA,NA,NA,NA,NA,NA,NA
f9fc30195b1c357bfb8e1b414e2ac5d4,Proteobacteria,Gammaproteobacteria,Burkholderiales,Burkholderiaceae,Family_Burkholderiaceae,NA,NA,0.28574775,NA,0.457943028,NA,NA,NA,NA,NA,NA
fca9741d7bcdc137ad78a45a0f50c3b6,Proteobacteria,Gammaproteobacteria,Pseudomonadales,Pseudomonadaceae,Pseudomonas,NA,NA,NA,NA,0.514451234,NA,NA,NA,NA,NA,NA
fcd256b87f1e8d151209bdbaba0a9a9d,Proteobacteria,Gammaproteobacteria,Xanthomonadales,Xanthomonadaceae,Stenotrophomonas,0.431943088,NA,NA,-1.477158786,NA,0.488043816,NA,NA,NA,NA,NA
fcf8e1b4df73fc951e134cfa0a0758a5,Proteobacteria,Alphaproteobacteria,Geminicoccales,Geminicoccaceae,Arboricoccus,NA,NA,NA,-1.230830348,NA,NA,NA,NA,NA,NA,NA
fdc98ace23a34dc8e3a4dfc4f2e9e6b6,Proteobacteria,Gammaproteobacteria,Burkholderiales,Burkholderiaceae,Family_Burkholderiaceae,NA,NA,NA,-1.482114381,NA,NA,NA,NA,NA,NA,NA
3dd3157ed7ddbf7dc91392de6b888fbc,Spirochaetota,Spirochaetia,Treponematales,Treponemataceae,Spiro-10,NA,NA,0.233484356,NA,0.37064827,NA,NA,NA,NA,NA,NA
